Nest,Chick,Date,Age,Beak,Sex,Year,Lat,Long
A2,P211,29,6,59.9,U,2011,305,854
A2,P211,29,9,63.3,U,2011,305,854
A2,P211,29,16,95.6,U,2011,305,854
A2,P213,29,6,59.5,U,2011,305,854
A2,P213,29,9,64.6,U,2011,305,854
A2,P213,29,16,92.3,U,2011,305,854
A2,P225,29,4,53.6,U,2011,305,854
A2,P225,29,7,63,U,2011,305,854
A2,P249,29,1,46.1,U,2011,305,854
Ap2,P146,24,4,55,Male,2011,198,397
Ap2,P146,24,11,79.3,Male,2011,198,397
Ap2,P146,24,17,108,Male,2011,198,397
Ap2,P146,24,25,137.2,Male,2011,198,397
Ap2,P146,24,32,159.5,Male,2011,198,397
Ap2,P178,24,2,48.3,U,2011,198,397
Ap2,P178,24,9,69.4,U,2011,198,397
Ap2,P178,24,15,94.2,U,2011,198,397
Ap2,P178,24,23,117.5,U,2011,198,397
Ap2,P207,24,6,61.5,U,2011,198,397
Ap2,P207,24,12,84.4,U,2011,198,397
Ap2,P207,24,20,109.8,U,2011,198,397
Ap2,P207,24,27,135.9,U,2011,198,397
Ap2,P239,24,2,48.6,U,2011,198,397
Ap1,P131,23,5,53.6,U,2011,207,407
Ap1,P131,23,12,73,U,2011,207,407
Ap1,P131,23,18,92.5,U,2011,207,407
Ap1,P131,23,26,117.6,U,2011,207,407
Ap1,P131,23,33,135.9,U,2011,207,407
Ap1,P145,23,4,52.9,U,2011,207,407
Ap1,P145,23,11,68.2,U,2011,207,407
Ap1,P145,23,17,97.2,U,2011,207,407
Ap1,P145,23,25,112.2,U,2011,207,407
Ap1,P145,23,32,122.6,U,2011,207,407
Ap1,P177,23,2,49.8,U,2011,207,407
Ap1,P177,23,9,67.1,U,2011,207,407
Ap1,P177,23,15,88.6,U,2011,207,407
Ap1,P177,23,23,107.7,U,2011,207,407
Ap1,P177,23,30,122.6,U,2011,207,407
Ap1,P208,23,6,62.8,U,2011,207,407
Ap1,P208,23,12,80,U,2011,207,407
Ap1,P208,23,20,104.5,U,2011,207,407
A8,P192,27,4,52.6,U,2011,251,755
A8,P192,27,8,63.9,U,2011,251,755
A8,P192,27,11,73,U,2011,251,755
A8,P192,27,18,98.6,U,2011,251,755
A8,P192,27,29,131.1,U,2011,251,755
A8,P200,27,3,50.9,U,2011,251,755
A8,P200,27,7,62.4,U,2011,251,755
A8,P200,27,10,72.6,U,2011,251,755
A8,P200,27,17,98.8,U,2011,251,755
A8,P200,27,28,134.1,U,2011,251,755
A8,P219,27,5,55.1,U,2011,251,755
A8,P219,27,8,64.1,U,2011,251,755
A8,P219,27,15,86.6,U,2011,251,755
A8,P219,27,26,115.8,U,2011,251,755
A8,P245,27,2,48.5,U,2011,251,755
A8,P245,27,5,54.6,U,2011,251,755
A9,P235,32,3,49.1,U,2011,239,726
A9,P235,32,6,59.1,U,2011,239,726
A9,P235,32,13,83.1,U,2011,239,726
A9,P236,32,3,48.9,U,2011,239,726
A9,P236,32,6,58.9,U,2011,239,726
A9,P236,32,13,82.5,U,2011,239,726
A9,P252,32,4,53.1,U,2011,239,726
A9,P252,32,11,78.1,U,2011,239,726
A9,P256,32,3,49.8,U,2011,239,726
A9,P256,32,10,66.9,U,2011,239,726
B5,P232,32,3,51.1,U,2011,287,790
B5,P232,32,6,53.7,U,2011,287,790
B5,P232,32,13,79.8,U,2011,287,790
B5,P254,32,3,49,U,2011,287,790
B5,P254,32,10,63.4,U,2011,287,790
B6,P197,28,3,50.8,U,2011,285,774
B6,P197,28,7,61.9,U,2011,285,774
B6,P197,28,10,73.2,U,2011,285,774
B6,P197,28,17,97.6,U,2011,285,774
B6,P197,28,28,117.4,U,2011,285,774
B6,P202,28,3,49.7,U,2011,285,774
B6,P202,28,7,61.3,U,2011,285,774
B6,P202,28,10,69.7,U,2011,285,774
B6,P202,28,17,102,U,2011,285,774
B6,P202,28,28,134.7,U,2011,285,774
B6,P216,28,5,55.9,U,2011,285,774
B6,P216,28,8,62.4,U,2011,285,774
B6,P216,28,15,92,U,2011,285,774
B6,P216,28,26,126.2,U,2011,285,774
B6,P234,28,3,50.3,U,2011,285,774
B6,P234,28,6,55.3,U,2011,285,774
B6,P234,28,13,68.6,U,2011,285,774
B7,P59,16,3,48.7,U,2011,280,768
B7,P59,16,6,57.8,U,2011,280,768
B7,P59,16,12,76.5,U,2011,280,768
B7,P59,16,15,81.1,U,2011,280,768
B7,P59,16,18,113.2,U,2011,280,768
B7,P59,16,25,134.7,U,2011,280,768
B7,P59,16,36,151.5,U,2011,280,768
B7,P68,16,2,46.5,U,2011,280,768
B7,P68,16,5,54.6,U,2011,280,768
B7,P68,16,11,74.2,U,2011,280,768
B7,P68,16,14,83.1,U,2011,280,768
B7,P68,16,17,110.3,U,2011,280,768
B7,P68,16,24,123.7,U,2011,280,768
B7,P68,16,35,160.6,U,2011,280,768
B7,P75,16,1,45.2,U,2011,280,768
B7,P75,16,4,52.1,U,2011,280,768
B7,P75,16,10,71.9,U,2011,280,768
B7,P75,16,13,79.3,U,2011,280,768
B7,P75,16,20,98.4,U,2011,280,768
B7,P75,16,27,122,U,2011,280,768
B7,P75,16,38,150.2,U,2011,280,768
B7,P102,16,1,48.4,U,2011,280,768
B7,P102,16,7,62.2,U,2011,280,768
B7,P102,16,10,67.8,U,2011,280,768
B7,P102,16,17,81.3,U,2011,280,768
B7,P102,16,24,101.6,U,2011,280,768
B7,P114,16,1,46,U,2011,280,768
B8,P49,15,2,48.3,U,2011,276,762
B8,P49,15,4,53.4,U,2011,276,762
B8,P49,15,7,59.8,U,2011,276,762
B8,P49,15,13,61.9,U,2011,276,762
B8,P49,15,16,91.1,U,2011,276,762
B8,P49,15,19,114.9,U,2011,276,762
B8,P49,15,26,131.4,U,2011,276,762
B1,P210,29,6,59.9,U,2011,309,828
B1,P210,29,9,65.6,U,2011,309,828
B1,P210,29,16,99.6,U,2011,309,828
B1,P214,29,5,53.9,U,2011,309,828
B1,P214,29,8,63.3,U,2011,309,828
B1,P214,29,15,91.7,U,2011,309,828
B1,P217,29,5,54.9,U,2011,309,828
B1,P217,29,8,64.4,U,2011,309,828
B1,P217,29,15,88.4,U,2011,309,828
B1,P233,29,3,51,U,2011,309,828
B1,P233,29,6,60,U,2011,309,828
B1,P233,29,13,79.2,U,2011,309,828
B1,P244,29,2,45.8,U,2011,309,828
B1,P244,29,5,52.8,U,2011,309,828
B1,P244,29,12,67.5,U,2011,309,828
B3,P290,17,2,49.8,U,2011,290,805
B3,P294,17,1,47.4,U,2011,290,805
C1,P128,23,5,55.2,Male,2011,313,820
C1,P128,23,8,67.2,Male,2011,313,820
C1,P128,23,15,94.2,Male,2011,313,820
C1,P128,23,22,123.8,Male,2011,313,820
C1,P128,23,33,145.6,Male,2011,313,820
C1,P155,23,3,48.1,Male,2011,313,820
C1,P155,23,6,56.3,Male,2011,313,820
C1,P170,23,2,46.9,Female,2011,313,820
C1,P170,23,5,53.3,Female,2011,313,820
C1,P170,23,12,76.4,Female,2011,313,820
C1,P170,23,19,104.2,Female,2011,313,820
C1,P170,23,30,133.2,Female,2011,313,820
C1,P250,23,1,46,Female,2011,313,820
C2,P5,7,3,51.1,Female,2011,287,767
C2,P5,7,6,NA,Female,2011,287,767
C2,P5,7,8,59.5,Female,2011,287,767
C2,P5,7,11,70.5,Female,2011,287,767
C2,P5,7,15,90.9,Female,2011,287,767
C2,P5,7,21,103.1,Female,2011,287,767
C2,P5,7,24,110,Female,2011,287,767
C2,P5,7,31,132.6,Female,2011,287,767
C2,P5,7,38,145.4,Female,2011,287,767
C2,P6,7,2,48.7,Male,2011,287,767
C2,P6,7,7,58.9,Male,2011,287,767
C2,P6,7,10,72.2,Male,2011,287,767
C2,P6,7,15,90.8,Male,2011,287,767
C2,P6,7,21,113.3,Male,2011,287,767
C2,P6,7,24,114.3,Male,2011,287,767
C2,P6,7,31,138.3,Male,2011,287,767
C2,P6,7,38,175.5,Male,2011,287,767
C2,P9,7,3,52,U,2011,287,767
C2,P9,7,6,55.5,U,2011,287,767
C2,P9,7,9,68.4,U,2011,287,767
C2,P9,7,14,90.9,U,2011,287,767
C2,P9,7,20,106.8,U,2011,287,767
C2,P9,7,23,111.6,U,2011,287,767
C2,P9,7,30,125.1,U,2011,287,767
C2,P9,7,37,148.2,U,2011,287,767
C2,P14,7,2,48.5,U,2011,287,767
C2,P14,7,5,53.5,U,2011,287,767
C2,P14,7,8,62.3,U,2011,287,767
C2,P14,7,13,77.9,U,2011,287,767
C2,P14,7,19,93.9,U,2011,287,767
C2,P18,7,1,46.2,U,2011,287,767
C2,P18,7,4,49.7,U,2011,287,767
C2,P18,7,7,55.7,U,2011,287,767
C2,P18,7,11,64.5,U,2011,287,767
C2,P185,7,1,45.3,U,2011,287,767
C5,P38,13,4,53.2,U,2011,262,735
C5,P38,13,15,76.1,U,2011,262,735
C5,P38,13,18,89.7,U,2011,262,735
C5,P38,13,25,106.7,U,2011,262,735
C5,P38,13,32,127.1,U,2011,262,735
C5,P43,13,3,50.7,U,2011,262,735
C5,P43,13,14,71.8,U,2011,262,735
C5,P43,13,17,80,U,2011,262,735
C5,P43,13,24,99.3,U,2011,262,735
C5,P43,13,31,113.5,U,2011,262,735
C5,P51,13,2,50.6,U,2011,262,735
C5,P53,13,1,46.1,U,2011,262,735
C5,P53,13,12,68.2,U,2011,262,735
C5,P53,13,15,71.9,U,2011,262,735
C5,P53,13,22,87.7,U,2011,262,735
C5,P53,13,30,100,U,2011,262,735
D1,P127,23,5,51.9,U,2011,288,759
D1,P127,23,8,62.6,U,2011,288,759
D1,P127,23,15,84.7,U,2011,288,759
D1,P127,23,22,114.2,U,2011,288,759
D1,P127,23,33,144.3,U,2011,288,759
D1,P136,23,4,51.9,U,2011,288,759
D1,P136,23,7,59.6,U,2011,288,759
D1,P136,23,14,83.4,U,2011,288,759
D1,P136,23,21,112.7,U,2011,288,759
D1,P154,23,3,50.9,U,2011,288,759
D1,P154,23,6,58.7,U,2011,288,759
D1,P154,23,13,79.4,U,2011,288,759
D1,P154,23,20,117.6,U,2011,288,759
D1,P154,23,31,148.4,U,2011,288,759
D1,P169,23,2,46.4,U,2011,288,759
D1,P169,23,5,53.4,U,2011,288,759
D1,P169,23,12,62,U,2011,288,759
D1,P169,23,19,82.3,U,2011,288,759
D1,P205,23,2,48.5,U,2011,288,759
D1,P205,23,9,60.1,U,2011,288,759
D3,P77,18,1,47.1,U,2011,239,697
D3,P77,18,4,54.1,U,2011,239,697
D3,P77,18,10,67.9,U,2011,239,697
D3,P80,18,4,53.1,U,2011,239,697
D3,P80,18,10,74,U,2011,239,697
D3,P80,18,13,84.1,U,2011,239,697
D3,P80,18,20,112.5,U,2011,239,697
D3,P80,18,26,143.5,U,2011,239,697
D3,P98,18,2,49.1,U,2011,239,697
D3,P98,18,8,62.1,U,2011,239,697
D3,P98,18,11,70.4,U,2011,239,697
D3,P98,18,18,84.5,U,2011,239,697
D3,P98,18,25,120.1,U,2011,239,697
D3,P98,18,36,149.5,U,2011,239,697
D3,P150,18,4,54.1,U,2011,239,697
D3,P150,18,7,61.3,U,2011,239,697
D3,P150,18,14,67.1,U,2011,239,697
D3,P150,18,21,102.4,U,2011,239,697
D4,P194,27,4,49.2,U,2011,234,691
D4,P194,27,8,59.9,U,2011,234,691
D4,P194,27,11,71.7,U,2011,234,691
D4,P194,27,18,96.3,U,2011,234,691
D4,P218,27,5,52.4,U,2011,234,691
D4,P218,27,8,62.4,U,2011,234,691
D4,P218,27,15,90,U,2011,234,691
D4,P246,27,2,48.3,U,2011,234,691
D4,P246,27,5,55.2,U,2011,234,691
D6,P167,26,2,45.4,U,2011,176,616
D6,P167,26,10,69.2,U,2011,176,616
D6,P167,26,14,99.1,U,2011,176,616
D6,P167,26,22,129.3,U,2011,176,616
D6,P167,26,29,134.8,U,2011,176,616
D6,P206,26,6,65.1,U,2011,176,616
D6,P206,26,12,93.1,U,2011,176,616
D6,P206,26,20,110.2,U,2011,176,616
D6,P224,26,4,53.4,U,2011,176,616
D6,P224,26,10,76.1,U,2011,176,616
D6,P224,26,18,97,U,2011,176,616
Ep1,P132,23,5,56.9,U,2011,154,302
Ep1,P132,23,12,72.7,U,2011,154,302
Ep1,P132,23,18,99.5,U,2011,154,302
Ep1,P132,23,26,117.6,U,2011,154,302
Ep1,P132,23,33,129.3,U,2011,154,302
 Ep1,P147,23,4,50.9,U,2011,154,302
Ep1,P147,23,11,71.3,U,2011,154,302
Ep1,P147,23,17,92.5,U,2011,154,302
Ep1,P147,23,25,111.9,U,2011,154,302
Ep1,P147,23,32,121.6,U,2011,154,302
Ep1,P163,23,3,50.9,U,2011,154,302
Ep1,P163,23,10,68,U,2011,154,302
Ep1,P163,23,16,86.8,U,2011,154,302
Ep1,P163,23,24,114.5,U,2011,154,302
Ep1,P163,23,31,112.6,U,2011,154,302
Ep1,P179,23,2,47.3,U,2011,154,302
Ep1,P179,23,9,67.1,U,2011,154,302
Ep1,P179,23,15,82.5,U,2011,154,302
Ep1,P179,23,23,98.5,U,2011,154,302
Ep1,P227,23,4,52.5,U,2011,154,302
E4,P257,6,2,48.9,U,2011,251,700
E4,P257,6,9,71.5,U,2011,251,700
E4,P258,6,2,48.3,U,2011,251,700
E4,P258,6,9,68.8,U,2011,251,700
E6,P23,11,3,49,U,2011,230,676
E6,P23,11,6,60.1,U,2011,230,676
E6,P23,11,8,64.5,U,2011,230,676
E6,P23,11,17,99.9,U,2011,230,676
E6,P23,11,19,112.2,U,2011,230,676
E6,P23,11,26,140.5,U,2011,230,676
E6,P23,11,33,177.6,U,2011,230,676
E6,P25,11,2.5,47.8,U,2011,230,676
E6,P25,11,6,62,U,2011,230,676
E6,P25,11,8,66.3,U,2011,230,676
E6,P25,11,16,99.5,U,2011,230,676
E6,P25,11,19,112,U,2011,230,676
E6,P25,11,26,138.7,U,2011,230,676
E6,P25,11,33,153.7,U,2011,230,676
E6,P32,11,2,44.8,Male,2011,230,676
E6,P32,11,5,58.2,Male,2011,230,676
E6,P32,11,7,65.2,Male,2011,230,676
E6,P32,11,15,96.9,Male,2011,230,676
E6,P32,11,18,111.9,Male,2011,230,676
E6,P32,11,25,134.3,Male,2011,230,676
E6,P32,11,31,169.5,Male,2011,230,676
E6,P46,11,2,46,U,2011,230,676
E6,P46,11,4,47.5,U,2011,230,676
E6,P46,11,16,85.7,U,2011,230,676
E6,P46,11,23,100.9,U,2011,230,676
E6,P46,11,29,134.2,U,2011,230,676
E8,P255,5,3,50.4,U,2011,210,651
E8,P255,5,6,63.6,U,2011,210,651
E8,P255,5,14,87.1,U,2011,210,651
E8,P259,5,2,48.4,U,2011,210,651
E8,P259,5,5,60.2,U,2011,210,651
E8,P259,5,13,86.3,U,2011,210,651
E8,P263,5,6,59.2,U,2011,210,651
E8,P263,5,17,75.9,U,2011,210,651
F1,P28,12,2,46.6,Female,2011,277,724
F1,P28,12,5,59.1,Female,2011,277,724
F1,P28,12,16,88.9,Female,2011,277,724
F1,P28,12,19,96.3,Female,2011,277,724
F1,P28,12,26,120.1,Female,2011,277,724
F1,P28,12,34,143.5,Female,2011,277,724
F1,P34,12,1,45.3,U,2011,277,724
F1,P34,12,5,56,U,2011,277,724
F1,P34,12,7,NA,U,2011,277,724
F1,P41,12,3,53.2,Female,2011,277,724
F1,P41,12,14,84.6,Female,2011,277,724
F1,P41,12,17,90.9,Female,2011,277,724
F1,P41,12,24,118.5,Female,2011,277,724
F1,P41,12,31,140.7,Female,2011,277,724
F1,P41,12,42,162.8,Female,2011,277,724
F1,P44,12,2,52.1,U,2011,277,724
F1,P44,12,13,83.6,U,2011,277,724
F1,P44,12,16,93.3,U,2011,277,724
F1,P44,12,23,122.6,U,2011,277,724
F1,P44,12,30,141.4,U,2011,277,724
F2,P111,21,1,46.3,U,2011,262,704
F2,P111,21,7,61.2,U,2011,262,704
F2,P111,21,10,71.5,U,2011,262,704
F2,P111,21,17,95.4,U,2011,262,704
F2,P111,21,24,116.6,U,2011,262,704
F2,P111,21,35,148.6,U,2011,262,704
F3,P12,9,3,50.1,Male,2011,217,647
F3,P12,9,5,56.5,Male,2011,217,647
F3,P12,9,8,71.1,Male,2011,217,647
F3,P12,9,19,113.8,Male,2011,217,647
F3,P12,9,22,123.5,Male,2011,217,647
F3,P12,9,26,134.5,Male,2011,217,647
F3,P12,9,32,159.3,Male,2011,217,647
F3,P12,9,36,177.5,Male,2011,217,647
F3,P12,9,40,190.6,Male,2011,217,647
F3,P13,9,3,46.6,U,2011,217,647
F3,P13,9,5,59.2,U,2011,217,647
F3,P13,9,8,70.3,U,2011,217,647
F3,P13,9,19,116.3,U,2011,217,647
F3,P13,9,22,120.8,U,2011,217,647
F3,P13,9,26,127,U,2011,217,647
F3,P13,9,32,151.6,U,2011,217,647
F3,P13,9,36,153.6,U,2011,217,647
F3,P13,9,40,163.6,U,2011,217,647
F3,P16,9,2,42.7,Female,2011,217,647
F3,P16,9,4,52.5,Female,2011,217,647
F3,P16,9,7,62.5,Female,2011,217,647
F3,P16,9,18,90.5,Female,2011,217,647
F3,P16,9,21,100.1,Female,2011,217,647
F3,P16,9,25,110.2,Female,2011,217,647
F3,P16,9,31,138.8,Female,2011,217,647
F3,P16,9,35,139.4,Female,2011,217,647
F3,P16,9,39,142,Female,2011,217,647
F3,P20,9,3,48.4,U,2011,217,647
F3,P20,9,6,56.8,U,2011,217,647
F3,P40,9,3,52.8,U,2011,217,647
F4,P89,20,2,48.1,U,2011,181,604
F4,P89,20,15,78.2,U,2011,181,604
F4,P89,20,21,100,U,2011,181,604
F4,P89,20,29,122.2,U,2011,181,604
F4,P89,20,36,127.8,U,2011,181,604
F4,P115,20,7,59,U,2011,181,604
F4,P115,20,14,82.4,U,2011,181,604
F4,P115,20,20,110.1,U,2011,181,604
F4,P115,20,28,134.5,U,2011,181,604
F4,P115,20,35,149.9,U,2011,181,604
F4,P122,20,5,57.4,U,2011,181,604
F4,P122,20,12,77.6,U,2011,181,604
F4,P122,20,18,97.8,U,2011,181,604
F4,P122,20,26,124.3,U,2011,181,604
F4,P122,20,33,151.6,U,2011,181,604
F4,P148,20,4,54.3,U,2011,181,604
F4,P148,20,11,73.1,U,2011,181,604
F4,P148,20,17,94.3,U,2011,181,604
F4,P148,20,25,11.9,U,2011,181,604
F4,P166,20,3,52.5,U,2011,181,604
F4,P166,20,10,57.5,U,2011,181,604
G1,P93,20,2,48.9,U,2011,302,745
G1,P93,20,11,73.6,U,2011,302,745
G1,P93,20,18,98.1,U,2011,302,745
G1,P93,20,25,126.3,U,2011,302,745
G1,P93,20,36,162.8,U,2011,302,745
G1,P94,20,2,48.5,U,2011,302,745
G1,P94,20,11,72.7,U,2011,302,745
G1,P94,20,18,94.4,U,2011,302,745
G1,P94,20,25,115.2,U,2011,302,745
G1,P94,20,36,140.3,U,2011,302,745
G1,P108,20,1,47.5,U,2011,302,745
G1,P108,20,10,68.4,U,2011,302,745
G1,P108,20,17,91.2,U,2011,302,745
G1,P108,20,24,114.6,U,2011,302,745
G1,P108,20,35,140.8,U,2011,302,745
G1,P126,20,5,60.2,Female,2011,302,745
G1,P126,20,8,57.3,Female,2011,302,745
G1,P126,20,15,88.4,Female,2011,302,745
G1,P126,20,22,119.7,Female,2011,302,745
G1,P126,20,33,134.4,Female,2011,302,745
G1,P181,20,1,45,U,2011,302,745
G2,P120,22,6,58.4,Female,2011,293,733
G2,P120,22,9,69.8,Female,2011,293,733
G2,P120,22,16,91.9,Female,2011,293,733
G2,P120,22,23,119.8,Female,2011,293,733
G2,P120,22,34,139.7,Female,2011,293,733
G2,P135,22,4,55,Female,2011,293,733
G2,P135,22,7,60.8,Female,2011,293,733
G2,P135,22,14,81.8,Female,2011,293,733
G2,P135,22,21,102.2,Female,2011,293,733
G2,P135,22,32,170.2,Female,2011,293,733
G2,P168,22,2,47.8,Female,2011,293,733
G2,P168,22,5,55,Female,2011,293,733
G2,P168,22,12,65.6,Female,2011,293,733
G2,P168,22,19,82.6,Female,2011,293,733
G2,P168,22,30,120.7,Female,2011,293,733
G2,P196,22,3,50.9,U,2011,293,733
G2,P196,22,10,64.1,U,2011,293,733
G3,P48,15,2,47.6,Female,2011,264,696
G3,P48,15,4,54.6,Female,2011,264,696
G3,P48,15,13,79.4,Female,2011,264,696
G3,P48,15,16,92.8,Female,2011,264,696
G3,P48,15,23,119.9,Female,2011,264,696
G3,P48,15,30,136.1,Female,2011,264,696
G3,P50,15,2,47.5,Female,2011,264,696
G3,P50,15,4,53.1,Female,2011,264,696
G3,P50,15,13,79.1,Female,2011,264,696
G3,P50,15,16,91.2,Female,2011,264,696
G3,P50,15,23,117.8,Female,2011,264,696
G3,P50,15,30,141.2,Female,2011,264,696
G3,P67,15,2,50.1,U,2011,264,696
G3,P67,15,11,70.5,U,2011,264,696
G3,P67,15,14,79.9,U,2011,264,696
H1,P60,16,3,50.4,U,2011,300,730
H1,P60,16,6,59.6,U,2011,300,730
H1,P60,16,12,77.6,U,2011,300,730
H1,P60,16,15,87.1,U,2011,300,730
H1,P60,16,18,111.6,U,2011,300,730
H1,P60,16,25,143.5,U,2011,300,730
H1,P60,16,36,165,U,2011,300,730
H1,P69,16,2,48.2,U,2011,300,730
H1,P69,16,5,59.2,U,2011,300,730
H1,P69,16,11,78.4,U,2011,300,730
H1,P69,16,17,114.2,U,2011,300,730
H1,P69,16,24,123.1,U,2011,300,730
H1,P69,16,35,145.3,U,2011,300,730
H1,P86,16,2,49.2,U,2011,300,730
H1,P86,16,8,65.3,U,2011,300,730
H1,P86,16,18,87.7,U,2011,300,730
H1,P86,16,25,110.2,U,2011,300,730
H1,P86,16,36,138.6,U,2011,300,730
H1,P113,16,1,45.7,U,2011,300,730
H1,P113,16,NA,NA,U,2011,300,730
H2,P11,9,3,48.1,Female,2011,265,687
H2,P11,9,5,54.4,Female,2011,265,687
H2,P11,9,8,60.7,Female,2011,265,687
H2,P11,9,19,112.2,Female,2011,265,687
H2,P11,9,22,111.9,Female,2011,265,687
H2,P11,9,29,140.7,Female,2011,265,687
H2,P11,9,36,153.4,Female,2011,265,687
H2,P15,9,2,41.1,U,2011,265,687
H2,P15,9,4,53.6,U,2011,265,687
H2,P15,9,7,63.7,U,2011,265,687
H2,P17,9,1,45.6,U,2011,265,687
H2,P17,9,4,50,U,2011,265,687
H2,P17,9,7,59.8,U,2011,265,687
H2,P27,9,3,48.4,Female,2011,265,687
H2,P27,9,6,52.1,Female,2011,265,687
H2,P27,9,8,NA,Female,2011,265,687
H2,P27,9,16,85.6,Female,2011,265,687
H2,P27,9,19,96.5,Female,2011,265,687
H2,P27,9,26,125.9,Female,2011,265,687
H2,P27,9,33,145.3,Female,2011,265,687
H3,P61,16,3,50.5,U,2011,251,668
H3,P61,16,6,59.5,U,2011,251,668
H3,P61,16,12,78.4,U,2011,251,668
H3,P61,16,18,109.3,U,2011,251,668
H3,P61,16,25,134,U,2011,251,668
H3,P70,16,2,48.3,U,2011,251,668
H3,P70,16,5,60,U,2011,251,668
H3,P70,16,11,76.1,U,2011,251,668
H3,P70,16,14,85.4,U,2011,251,668
H3,P70,16,17,102.6,U,2011,251,668
H3,P70,16,34,136.5,U,2011,251,668
H3,P78,16,1,47.4,U,2011,251,668
H3,P78,16,4,56.1,U,2011,251,668
H3,P78,16,10,70.2,U,2011,251,668
H3,P78,16,13,77.3,U,2011,251,668
H3,P78,16,20,103.1,U,2011,251,668
H3,P78,16,33,130.8,U,2011,251,668
H3,P99,16,2,49.5,U,2011,251,668
H4,P62,16,3,49.7,U,2011,230,643
H4,P62,16,6,56.5,U,2011,230,643
H4,P71,16,2,49.8,U,2011,230,643
H4,P71,16,5,57,U,2011,230,643
H4,P83,16,3,50.9,U,2011,230,643
H4,P103,16,1,45.6,U,2011,230,643
H4,P151,16,3,NA,U,2011,230,643
H5,P278,39,2,47,U,2011,204,613
H5,P278,39,10,64.8,U,2011,204,613
H5,P285,39,9,60.3,U,2011,204,613
H5,P286,39,6,57.5,U,2011,204,613
H5,P295,39,1,45.8,U,2011,204,613
I1,P107,21,1,46.5,U,2011,300,723
I1,P107,21,10,74.8,U,2011,300,723
I1,P107,21,17,97.4,U,2011,300,723
I1,P107,21,24,119.7,U,2011,300,723
I1,P107,21,35,144,U,2011,300,723
I1,P116,21,7,60.4,U,2011,300,723
I1,P116,21,10,70.8,U,2011,300,723
I1,P116,21,17,93.9,U,2011,300,723
I1,P116,21,24,117.8,U,2011,300,723
I1,P116,21,35,149,U,2011,300,723
I1,P118,21,6,59.9,U,2011,300,723
I1,P118,21,9,68.5,U,2011,300,723
I1,P118,21,16,86,U,2011,300,723
I1,P118,21,23,122,U,2011,300,723
I1,P118,21,34,142.2,U,2011,300,723
I1,P118,21,1,43.2,U,2011,300,723
I1,P186,21,4,49.3,U,2011,300,723
I2,P3,7,3,50.4,U,2011,268,678
I2,P3,7,5,NA,U,2011,268,678
I2,P3,7,8,63,U,2011,268,678
I2,P3,7,11,77.6,U,2011,268,678
I2,P3,7,13,NA,U,2011,268,678
I2,P3,7,15,94.9,U,2011,268,678
I2,P3,7,21,113.5,U,2011,268,678
I2,P3,7,24,128.5,U,2011,268,678
I2,P3,7,31,147.9,U,2011,268,678
I2,P3,7,38,184.5,U,2011,268,678
I2,P7,7,2,49.3,U,2011,268,678
I2,P7,7,5,NA,U,2011,268,678
I2,P7,7,7,61.5,U,2011,268,678
I2,P7,7,10,74.6,U,2011,268,678
I2,P7,7,15,94.1,U,2011,268,678
I2,P7,7,21,108.2,U,2011,268,678
I2,P7,7,24,119.2,U,2011,268,678
I2,P7,7,31,138.8,U,2011,268,678
I2,P7,7,38,153.5,U,2011,268,678
I2,P10,7,3,51.3,U,2011,268,678
I2,P10,7,5,57.2,U,2011,268,678
I2,P10,7,8,59.3,U,2011,268,678
I2,P10,7,13,88.9,U,2011,268,678
I2,P10,7,19,99.2,U,2011,268,678
I2,P10,7,23,117.5,U,2011,268,678
I2,P10,7,30,141.9,U,2011,268,678
I2,P10,7,37,179.5,U,2011,268,678
I2,P19,7,3,47.8,U,2011,268,678
I2,P19,7,6,55.2,U,2011,268,678
I2,P19,7,11,77.3,U,2011,268,678
I3,P22,11,3,49.7,Female,2011,264,672
I3,P22,11,6,59.2,Female,2011,264,672
I3,P22,11,8,64.2,Female,2011,264,672
I3,P22,11,17,95.5,Female,2011,264,672
I3,P22,11,20,107.1,Female,2011,264,672
I3,P22,11,27,130.2,Female,2011,264,672
I3,P22,11,34,149,Female,2011,264,672
I3,P24,11,2.5,48.6,U,2011,264,672
I3,P24,11,6,59.1,U,2011,264,672
I3,P24,11,6,64.2,U,2011,264,672
I3,P24,11,16,92.3,U,2011,264,672
I3,P24,11,19,112.2,U,2011,264,672
I3,P24,11,26,124.9,U,2011,264,672
I3,P24,11,33,153.4,U,2011,264,672
I3,P30,11,2,42.3,U,2011,264,672
I3,P30,11,5,51.5,U,2011,264,672
I3,P30,11,7,60.1,U,2011,264,672
I3,P54,11,1,46.5,U,2011,264,672
I3,P54,11,3,51.1,U,2011,264,672
I3,P54,11,12,80.3,U,2011,264,672
I3,P54,11,15,87.9,U,2011,264,672
I3,P54,11,22,94.5,U,2011,264,672
I3,P112,11,1,45.3,U,2011,264,672
I4,P63,16,3,50.2,U,2011,206,606
I4,P63,16,12,82.2,U,2011,206,606
I4,P63,16,19,112.3,U,2011,206,606
I4,P63,16,25,142,U,2011,206,606
I4,P63,16,35,180,U,2011,206,606
I4,P63,16,42,192,U,2011,206,606
I4,P72,16,2,48.2,U,2011,206,606
I4,P72,16,11,68.9,U,2011,206,606
I4,P84,16,3,51.3,U,2011,206,606
I4,P84,16,9,63.7,U,2011,206,606
I4,P84,16,16,91.8,U,2011,206,606
I4,P84,16,22,119.8,U,2011,206,606
I4,P84,16,30,140.6,U,2011,206,606
I4,P84,16,37,155.9,U,2011,206,606
I4,P87,16,2,48.9,U,2011,206,606
I4,P87,16,8,52.8,U,2011,206,606
I4,P87,16,15,84.1,U,2011,206,606
I4,P87,16,21,111.3,U,2011,206,606
I4,P87,16,29,135.6,U,2011,206,606
I4,P87,16,36,145.4,U,2011,206,606
I4,P152,16,3,48.9,U,2011,206,606
I5,P229,32,3,49.8,U,2011,182,573
I5,P229,32,9,74.6,U,2011,182,573
I5,P229,32,17,98.1,U,2011,182,573
I5,P230,32,3,49.8,U,2011,182,573
I5,P230,32,9,75.8,U,2011,182,573
I5,P230,32,17,100.2,U,2011,182,573
I5,P243,32,2,49,U,2011,182,573
I5,P243,32,8,72.6,U,2011,182,573
I5,P243,32,16,97.7,U,2011,182,573
I5,P262,32,6,55.4,U,2011,182,573
I5,P262,32,17,84.6,U,2011,182,573
I5,P268,32,4,52.4,U,2011,182,573
I5,P268,32,12,66.3,U,2011,182,573
J1,P21,11,3,47.4,U,2011,293,695
J1,P21,11,6,54.5,U,2011,293,695
J1,P21,11,8,60.5,U,2011,293,695
J1,P21,11,17,89.4,U,2011,293,695
J1,P21,11,20,76.6,U,2011,293,695
J1,P21,11,27,122.7,U,2011,293,695
J1,P21,11,34,146.1,U,2011,293,695
J1,P21,11,45,160.2,U,2011,293,695
J1,P29,11,2,46.7,U,2011,293,695
J1,P29,11,5,53.3,U,2011,293,695
J1,P29,11,7,59.7,U,2011,293,695
J1,P29,11,16,83.4,U,2011,293,695
J1,P29,11,19,70.8,U,2011,293,695
J1,P29,11,26,113.8,U,2011,293,695
J1,P29,11,33,125,U,2011,293,695
J1,P29,11,44,156,U,2011,293,695
J1,P42,11,3,54.9,U,2011,293,695
J1,P42,11,5,59.5,U,2011,293,695
J1,P42,11,14,81.5,U,2011,293,695
J1,P42,11,17,90.9,U,2011,293,695
J1,P42,11,24,116.9,U,2011,293,695
J1,P42,11,31,126.4,U,2011,293,695
J1,P42,11,42,154.5,U,2011,293,695
J1,P45,11,2,46.8,U,2011,293,695
J1,P45,11,4,52.1,U,2011,293,695
J1,P45,11,13,70.9,U,2011,293,695
J1,P45,11,16,73.9,U,2011,293,695
J1,P45,11,23,90.1,U,2011,293,695
J1,P45,11,30,102.6,U,2011,293,695
J1,P65,11,2,47.1,U,2011,293,695
J2,P141,24,4,51.7,U,2011,259,658
J2,P141,24,7,61.3,U,2011,259,658
J2,P141,24,14,87.5,U,2011,259,658
J2,P141,24,21,115.8,U,2011,259,658
J2,P141,24,32,156.3,U,2011,259,658
J2,P143,24,4,52.5,U,2011,259,658
J2,P143,24,7,61.9,U,2011,259,658
J2,P143,24,14,86.2,U,2011,259,658
J2,P143,24,21,108.6,U,2011,259,658
J2,P143,24,32,131.4,U,2011,259,658
J2,P173,24,2,49.6,U,2011,259,658
J2,P173,24,5,58.7,U,2011,259,658
J2,P173,24,12,79.4,U,2011,259,658
J2,P173,24,19,109.5,U,2011,259,658
J2,P173,24,30,137.8,U,2011,259,658
J2,P183,24,1,47.8,U,2011,259,658
J2,P183,24,4,56.8,U,2011,259,658
J2,P183,24,11,76.4,U,2011,259,658
J2,P183,24,18,99.9,U,2011,259,658
J2,P204,24,2,48.4,U,2011,259,658
K1,P97,20,2,49.5,U,2011,277,669
K1,P97,20,8,60.8,U,2011,277,669
K1,P97,20,11,67.6,U,2011,277,669
K1,P97,20,18,87.8,U,2011,277,669
K1,P97,20,25,110.1,U,2011,277,669
K1,P97,20,36,140.2,U,2011,277,669
K1,P110,20,1,47.2,U,2011,277,669
K1,P110,20,7,59.3,U,2011,277,669
K1,P110,20,10,65.5,U,2011,277,669
K1,P110,20,17,82.4,U,2011,277,669
K1,P110,20,24,99.6,U,2011,277,669
K1,P110,20,35,120.9,U,2011,277,669
K1,P140,20,4,52.2,U,2011,277,669
K1,P140,20,7,60.9,U,2011,277,669
K1,P140,20,14,76.1,U,2011,277,669
K1,P140,20,21,96.3,U,2011,277,669
K1,P140,20,32,119.7,U,2011,277,669
K2,P90,20,2,48.3,U,2011,231,612
K2,P90,20,8,64.3,U,2011,231,612
K2,P90,20,15,89.9,U,2011,231,612
K2,P90,20,21,113.8,U,2011,231,612
K2,P90,20,29,134.1,U,2011,231,612
K2,P90,20,36,145.6,U,2011,231,612
K2,P91,20,2,48.8,U,2011,231,612
K2,P91,20,8,67.4,U,2011,231,612
K2,P91,20,15,89.9,U,2011,231,612
K2,P91,20,21,120.6,U,2011,231,612
K2,P91,20,29,144.7,U,2011,231,612
K2,P91,20,36,160.3,U,2011,231,612
K2,P105,20,1,47.1,U,2011,231,612
K2,P133,20,5,65.5,U,2011,231,612
K2,P133,20,12,84.6,U,2011,231,612
K2,P133,20,18,109.5,U,2011,231,612
K2,P133,20,25,134.9,U,2011,231,612
K2,P133,20,32,147.9,U,2011,231,612
K3,P52,15,2,48.6,U,2011,211,589
K3,P52,15,4,56.1,U,2011,211,589
K3,P52,15,13,91.5,U,2011,211,589
K3,P52,15,20,114.5,U,2011,211,589
K3,P52,15,26,141.5,U,2011,211,589
K3,P52,15,30,169.5,U,2011,211,589
K3,P52,15,34,160.2,U,2011,211,589
K3,P57,15,1,47.7,Male,2011,211,589
K3,P57,15,4,54.3,Male,2011,211,589
K3,P57,15,13,88.7,Male,2011,211,589
K3,P57,15,20,104.3,Male,2011,211,589
K3,P57,15,26,132.9,Male,2011,211,589
K3,P57,15,30,142.3,Male,2011,211,589
K3,P57,15,34,152.2,Male,2011,211,589
K3,P134,15,5,65.9,U,2011,211,589
K3,P149,15,4,59.2,U,2011,211,589
M1,P26,11,3,47.7,U,2011,284,657
M1,P26,11,6,57,U,2011,284,657
M1,P26,11,8,64.4,U,2011,284,657
M1,P26,11,16,96.3,U,2011,284,657
M1,P26,11,19,108.9,U,2011,284,657
M1,P26,11,26,136.3,U,2011,284,657
M1,P26,11,33,151,U,2011,284,657
M1,P26,11,44,172.2,U,2011,284,657
M1,P33,11,2,47,U,2011,284,657
M1,P39,11,4,52.9,U,2011,284,657
M1,P39,11,6,56.6,U,2011,284,657
M1,P39,11,15,87.9,U,2011,284,657
M1,P39,11,18,96.4,U,2011,284,657
M1,P39,11,25,122.3,U,2011,284,657
M1,P39,11,32,143.5,U,2011,284,657
M1,P39,11,43,173,U,2011,284,657
M1,P55,11,1,47.6,U,2011,284,657
M1,P55,11,4,53.1,U,2011,284,657
M1,P55,11,12,61.9,U,2011,284,657
M1,P55,11,15,79,U,2011,284,657
M1,P55,11,22,96.9,U,2011,284,657
M1,P55,11,30,112,U,2011,284,657
M1,P58,11,3,48.3,U,2011,284,657
N1,P95,20,2,48.8,U,2011,307,676
N1,P95,20,8,60,U,2011,307,676
N1,P109,20,1,45.8,U,2011,307,676
N1,P109,20,7,61.9,U,2011,307,676
N1,P109,20,10,73.3,U,2011,307,676
N1,P109,20,17,102.3,U,2011,307,676
N1,P109,20,24,126.4,U,2011,307,676
N1,P109,20,35,164.2,U,2011,307,676
N1,P137,20,4,54.9,U,2011,307,676
N1,P137,20,7,56.8,U,2011,307,676
N2,P76,18,1,47.7,U,2011,247,598
N2,P76,18,4,51.9,U,2011,247,598
N2,P76,18,10,78.2,U,2011,247,598
N2,P76,18,17,108.5,U,2011,247,598
N2,P76,18,23,139.6,U,2011,247,598
N2,P76,18,31,155.5,U,2011,247,598
N2,P76,18,38,170,U,2011,247,598
N2,P82,18,1,48.3,U,2011,247,598
N2,P100,18,1,48.8,U,2011,247,598
N2,P100,18,7,60.1,U,2011,247,598
N2,P100,18,14,80.3,U,2011,247,598
N2,P100,18,20,105.3,U,2011,247,598
N2,P100,18,28,134.9,U,2011,247,598
N3,P159,25,3,49.4,U,2011,168,499
N3,P159,25,10,72.1,U,2011,168,499
N3,P159,25,16,99.3,U,2011,168,499
N3,P159,25,24,128.2,U,2011,168,499
N3,P159,25,31,147,U,2011,168,499
N3,P175,25,2,48.2,U,2011,168,499
N3,P175,25,9,69.1,U,2011,168,499
N3,P175,25,15,99.3,U,2011,168,499
N3,P175,25,23,117.9,U,2011,168,499
N3,P175,25,30,137.4,U,2011,168,499
N3,P222,25,4,54.5,U,2011,168,499
N3,P222,25,10,70,U,2011,168,499
N3,P222,25,18,93,U,2011,168,499
N4,P266,37,4,53.8,U,2011,NA,NA
N4,P266,37,12,79.2,U,2011,NA,NA
N4,P270,37,3,50.3,U,2011,NA,NA
N4,P270,37,11,79.1,U,2011,NA,NA
N4,P277,37,2,46.8,U,2011,NA,NA
N4,P277,37,10,66.4,U,2011,NA,NA
P1,P64,16,3,48.8,U,2011,231,556
P1,P64,16,12,75.7,U,2011,231,556
P1,P64,16,19,96.8,U,2011,231,556
P1,P64,16,25,116.1,U,2011,231,556
P1,P64,16,33,138.2,U,2011,231,556
P1,P73,16,2,49,Female,2011,231,556
P1,P73,16,11,72.2,Female,2011,231,556
P1,P73,16,18,98.4,Female,2011,231,556
P1,P73,16,24,125.5,Female,2011,231,556
P1,P73,16,28,132.1,Female,2011,231,556
P1,P79,16,4,54.3,U,2011,231,556
P1,P79,16,10,69,U,2011,231,556
P1,P79,16,17,92.5,U,2011,231,556
P1,P79,16,23,121.4,U,2011,231,556
P1,P79,16,31,138.2,U,2011,231,556
P1,P79,16,38,147.9,U,2011,231,556
P1,P81,16,3,51.7,U,2011,231,556
P1,P81,16,9,71.4,U,2011,231,556
P1,P81,16,16,86,U,2011,231,556
P1,P81,16,22,101.7,U,2011,231,556
P1,P88,16,2,48.4,U,2011,231,556
P3,P174,26,2,46.3,U,2011,191,508
P4,P130,23,5,54.7,U,2011,177,490
P4,P142,23,4,54.2,U,2011,177,490
P4,P142,23,11,78.7,U,2011,177,490
P4,P142,23,17,118.6,U,2011,177,490
P4,P142,23,25,140,U,2011,177,490
P4,P142,23,32,135.1,U,2011,177,490
P4,P158,23,3,50.9,U,2011,177,490
P4,P158,23,10,65.7,U,2011,177,490
P4,P158,23,16,95.2,U,2011,177,490
P4,P158,23,24,119.6,U,2011,177,490
P4,P184,23,1,45.6,U,2011,177,490
P4,P184,23,8,57.7,U,2011,177,490
P4,P184,23,14,75.1,U,2011,177,490
P4,P184,23,22,88.3,U,2011,177,490
Q1,P31,12,2,47.1,U,2011,197,506
Q1,P31,12,5,55.9,U,2011,197,506
Q1,P31,12,7,59.6,U,2011,197,506
Q1,P31,12,16,92.4,U,2011,197,506
Q1,P31,12,23,121.4,U,2011,197,506
Q1,P31,12,29,144.5,U,2011,197,506
Q1,P31,12,33,150.5,U,2011,197,506
Q1,P31,12,37,163,U,2011,197,506
Q1,P36,12,1,46.9,Female,2011,197,506
Q1,P36,12,5,55.7,Female,2011,197,506
Q1,P36,12,7,63.2,Female,2011,197,506
Q1,P36,12,15,93.1,Female,2011,197,506
Q1,P36,12,22,119.3,Female,2011,197,506
Q1,P36,12,28,143.4,Female,2011,197,506
Q1,P36,12,32,151.1,Female,2011,197,506
Q1,P36,12,36,160,Female,2011,197,506
Q1,P37,12,4,54.1,U,2011,197,506
Q1,P37,12,6,60.9,U,2011,197,506
Q1,P37,12,14,85.2,U,2011,197,506
Q1,P37,12,21,105.9,U,2011,197,506
Q1,P37,12,27,131.4,U,2011,197,506
Q1,P37,12,31,136.8,U,2011,197,506
Q1,P37,12,35,146.8,U,2011,197,506
Q1,P47,12,2,47.6,U,2011,197,506
Q1,P47,12,4,54.6,U,2011,197,506
Q1,P47,12,13,76.3,U,2011,197,506
Q1,P47,12,20,96.5,U,2011,197,506
Q1,P47,12,26,129.8,U,2011,197,506
Q1,P47,12,34,141.1,U,2011,197,506
Q1,P47,12,41,145.8,U,2011,197,506
Q1,P66,12,1,47.1,U,2011,197,506
Q2,P101,21,1,48.7,U,2011,197,506
Q2,P101,21,7,61.7,U,2011,197,506
Q2,P101,21,14,84.6,U,2011,197,506
Q2,P101,21,20,118.3,U,2011,197,506
Q2,P101,21,24,126.7,U,2011,197,506
Q2,P101,21,32,141.4,U,2011,197,506
Q2,P104,21,1,46.8,U,2011,197,506
Q2,P104,21,7,67.4,U,2011,197,506
Q2,P104,21,14,92.1,U,2011,197,506
Q2,P104,21,20,111.3,U,2011,197,506
Q2,P104,21,24,126.7,U,2011,197,506
Q2,P104,21,32,133.3,U,2011,197,506
Q2,P161,21,3,52.4,U,2011,197,506
Q2,P161,21,10,66.3,U,2011,197,506
Q2,P161,21,16,79.9,U,2011,197,506
Q2,P161,21,24,51.1,U,2011,197,506
R1,P92,20,2,49.9,Female,2011,310,632
R1,P92,20,8,66.9,Female,2011,310,632
R1,P92,20,11,67,Female,2011,310,632
R1,P92,20,18,112,Female,2011,310,632
R1,P92,20,25,122.4,Female,2011,310,632
R1,P92,20,36,144.9,Female,2011,310,632
R1,P106,20,1,48,Female,2011,310,632
R1,P106,20,7,66,Female,2011,310,632
R1,P106,20,10,76.4,Female,2011,310,632
R1,P106,20,17,103.1,Female,2011,310,632
R1,P106,20,24,131.6,Female,2011,310,632
R1,P106,20,35,162.9,Female,2011,310,632
R1,P139,20,4,59.5,Female,2011,310,632
R1,P139,20,7,66.1,Female,2011,310,632
R1,P139,20,14,86.3,Female,2011,310,632
R1,P139,20,21,111.1,Female,2011,310,632
R1,P139,20,32,141.7,Female,2011,310,632
R1,P171,20,2,49.8,U,2011,310,632
R1,P171,20,5,52.4,U,2011,310,632
R1,P182,20,1,45.1,U,2011,310,632
R1,P182,20,4,50.8,U,2011,310,632
S1,P85,19,3,52.5,U,2011,315,629
S1,P85,19,9,73.7,U,2011,315,629
S1,P85,19,12,86.4,U,2011,315,629
S1,P85,19,19,117.5,U,2011,315,629
S1,P85,19,26,145.7,U,2011,315,629
S1,P85,19,37,174,U,2011,315,629
S1,P96,19,2,49.5,U,2011,315,629
S1,P96,19,8,65.3,U,2011,315,629
S1,P96,19,11,78,U,2011,315,629
S1,P96,19,18,117.3,U,2011,315,629
S1,P96,19,25,135.4,U,2011,315,629
S1,P96,19,36,158.4,U,2011,315,629
S1,P129,19,5,55.1,U,2011,315,629
S1,P129,19,8,64.9,U,2011,315,629
S1,P129,19,15,90.8,U,2011,315,629
S1,P129,19,22,123.1,U,2011,315,629
S1,P129,19,33,151.5,U,2011,315,629
S3,P35,13,1,46.5,U,2011,223,515
S3,P35,13,5,55.1,U,2011,223,515
S3,P35,13,7,62,U,2011,223,515
S3,P35,13,15,95.9,U,2011,223,515
S3,P35,13,22,116.6,U,2011,223,515
S3,P35,13,28,146,U,2011,223,515
S3,P56,13,1,48.8,U,2011,223,515
S3,P56,13,4,54.1,U,2011,223,515
S3,P74,13,1,46,U,2011,223,515
S3,P74,13,10,81.9,U,2011,223,515
T1,P138,24,4,54.4,U,2011,332,640
T1,P138,24,7,66.1,U,2011,332,640
T1,P138,24,14,93,U,2011,332,640
T1,P138,24,20,90.3,U,2011,332,640
T1,P138,24,21,122.6,U,2011,332,640
T1,P138,24,31,149.7,U,2011,332,640
T1,P156,24,3,50,U,2011,332,640
T1,P156,24,6,59.2,U,2011,332,640
T1,P156,24,13,78.6,U,2011,332,640
T1,P156,24,19,94.1,U,2011,332,640
T1,P187,24,4,50.9,U,2011,332,640
T1,P187,24,11,75.2,U,2011,332,640
T1,P187,24,17,74.2,U,2011,332,640
T1,P187,24,26,105.5,U,2011,332,640
T2,P1,5,5,49.6,U,2011,294,591
T2,P1,5,7,NA,U,2011,294,591
T2,P1,5,9,65.2,U,2011,294,591
T2,P1,5,12,78.3,U,2011,294,591
T2,P1,5,14,81.6,U,2011,294,591
T2,P1,5,17,91.9,U,2011,294,591
T2,P1,5,23,113.3,U,2011,294,591
T2,P1,5,26,120.6,U,2011,294,591
T2,P1,5,33,144.3,U,2011,294,591
T2,P1,5,40,187,U,2011,294,591
T2,P2,5,4,49.1,U,2011,294,591
T2,P2,5,6,NA,U,2011,294,591
T2,P2,5,8,64.6,U,2011,294,591
T2,P2,5,11,73.2,U,2011,294,591
T2,P2,5,13,80,U,2011,294,591
T2,P2,5,16,94.1,U,2011,294,591
T2,P2,5,22,118.1,U,2011,294,591
T2,P2,5,25,120.6,U,2011,294,591
T2,P2,5,32,140.2,U,2011,294,591
T2,P2,5,39,172.5,U,2011,294,591
T2,P4,5,3,48.4,U,2011,294,591
T2,P4,5,5,NA,U,2011,294,591
T2,P4,5,8,64.4,U,2011,294,591
T2,P4,5,11,76,U,2011,294,591
T2,P4,5,13,83.2,U,2011,294,591
T2,P4,5,15,89.2,U,2011,294,591
T2,P4,5,21,119.4,U,2011,294,591
T2,P4,5,24,122.4,U,2011,294,591
T2,P4,5,31,145.5,U,2011,294,591
T2,P4,5,38,176,U,2011,294,591
T2,P8,5,2,46.5,U,2011,294,591
T2,P8,5,4,NA,U,2011,294,591
T2,P8,5,6,52.3,U,2011,294,591
T2,P8,5,9,57.5,U,2011,294,591
T4,P209,29,6,61.6,U,2011,174,448
T4,P209,29,14,118.7,U,2011,174,448
T4,P209,29,21,135.7,U,2011,174,448
T4,P212,29,6,64.5,U,2011,174,448
T4,P212,29,14,115,U,2011,174,448
T4,P212,29,21,134.9,U,2011,174,448
T4,P221,29,4,54.6,U,2011,174,448
T4,P221,29,10,70,U,2011,174,448
T4,P221,29,18,98.1,U,2011,174,448
T4,P221,29,25,113.2,U,2011,174,448
T4,P247,29,1,47.2,U,2011,174,448
U1,P274,39,2,47.6,U,2011,381,614
U1,P274,39,9,52.7,U,2011,381,614
U1,P275,39,2,47.9,U,2011,381,614
U1,P275,39,9,53.7,U,2011,381,614
U1,P281,39,4,49.9,U,2011,381,614
U4,P165,25,3,50.8,U,2011,201,466
U4,P165,25,10,61.3,U,2011,201,466
U4,P165,25,16,88.4,U,2011,201,466
U4,P165,25,24,110.9,U,2011,201,466
U4,P165,25,31,148.3,U,2011,201,466
U4,P180,25,2,NA,U,2011,201,466
U4,P180,25,9,59,U,2011,201,466
U4,P180,25,15,74,U,2011,201,466
U4,P180,25,23,101.6,U,2011,201,466
U4,P180,25,30,109.6,U,2011,201,466
U4,P195,25,3,50.3,U,2011,201,466
U4,P195,25,7,53.1,U,2011,201,466
U4,P195,25,15,73.6,U,2011,201,466
U4,P195,25,23,96.9,U,2011,201,466
U4,P195,25,30,120.6,U,2011,201,466
U4,P248,25,1,46.1,U,2011,201,466
W2,P261,35,6,56.1,U,2011,120,344
W2,P261,35,17,84.6,U,2011,120,344
X1,P273,38,2.5,48.3,U,2011,247,489
X1,P273,38,11,72.4,U,2011,247,489
X1,P276,38,2,47.9,U,2011,247,489
X1,P276,38,10,72.5,U,2011,247,489
X1,P279,38,1,47.1,U,2011,247,489
X1,P279,38,9,67.9,U,2011,247,489
X3,P220,31,4,52.4,U,2011,NA,NA
X3,P220,31,7,62,U,2011,NA,NA
X3,P220,31,13,78,U,2011,NA,NA
X3,P220,31,21,109.4,U,2011,NA,NA
X3,P220,31,24,129.4,U,2011,NA,NA
X3,P223,31,4,52.1,U,2011,NA,NA
X3,P223,31,7,61.1,U,2011,NA,NA
X3,P223,31,10,74.4,U,2011,NA,NA
X3,P223,31,18,103,U,2011,NA,NA
X3,P223,31,25,121.1,U,2011,NA,NA
X3,P238,31,3,50.9,U,2011,NA,NA
X3,P238,31,6,60.4,U,2011,NA,NA
X3,P238,31,9,75.7,U,2011,NA,NA
X3,P238,31,17,100.2,U,2011,NA,NA
X3,P238,31,24,110,U,2011,NA,NA
X3,P240,31,2,48.6,U,2011,NA,NA
X3,P240,31,5,54,U,2011,NA,NA
X3,P240,31,8,66.5,U,2011,NA,NA
X3,P240,31,16,83.7,U,2011,NA,NA
X3,P253,31,3,49.2,U,2011,NA,NA
Y1,P265,37,4,53.9,U,2011,132,340
Y1,P265,37,12,84,U,2011,132,340
Y1,P269,37,3,49.6,U,2011,132,340
Y1,P269,37,11,73.1,U,2011,132,340
Z2,P162,25,3,50.4,U,2011,184,393
Z2,P164,25,3,50.3,U,2011,184,393
C7,P193,27,4,50.4,U,2011,238,705
C7,P193,27,8,61.2,U,2011,238,705
C7,P193,27,11,73,U,2011,238,705
C7,P193,27,18,101.2,U,2011,238,705
C7,P201,27,3,49.1,U,2011,238,705
C7,P201,27,7,59.9,U,2011,238,705
C7,P201,27,10,71.4,U,2011,238,705
C7,P201,27,17,95.1,U,2011,238,705
C7,P226,27,4,52,U,2011,238,705
C7,P226,27,7,59.3,U,2011,238,705
C7,P226,27,14,73.9,U,2011,238,705
C7,P237,27,3,48.7,U,2011,238,705
C7,P237,27,6,52.7,U,2011,238,705
C7,P237,27,13,62.9,U,2011,238,705
D5,P191,27,4,50.5,U,2011,215,664
D5,P191,27,8,61.1,U,2011,215,664
D5,P191,27,14,89.3,U,2011,215,664
D5,P191,27,22,112.3,U,2011,215,664
D5,P199,27,3,50,U,2011,215,664
D5,P199,27,7,60.2,U,2011,215,664
D5,P199,27,13,89.2,U,2011,215,664
D5,P199,27,21,102.9,U,2011,215,664
D5,P199,27,28,140,U,2011,215,664
D5,P231,27,3,49.9,U,2011,215,664
D5,P231,27,9,68.2,U,2011,215,664
D5,P231,27,17,85.5,U,2011,215,664
D5,P231,27,24,116.8,U,2011,215,664
E1,P117,21,7,61.4,U,2011,285,743
E1,P117,21,10,73.3,U,2011,285,743
E1,P117,21,17,100,U,2011,285,743
E1,P117,21,24,127.1,U,2011,285,743
E1,P117,21,35,151.5,U,2011,285,743
E1,P119,21,6,60.2,U,2011,285,743
E1,P119,21,9,70.5,U,2011,285,743
E1,P119,21,16,96.9,U,2011,285,743
E1,P119,21,23,115.5,U,2011,285,743
E1,P119,21,34,144.8,U,2011,285,743
E1,P123,21,5,56.3,U,2011,285,743
E1,P123,21,8,66.1,U,2011,285,743
E1,P123,21,15,84.6,U,2011,285,743
E1,P123,21,22,109.3,U,2011,285,743
E1,P124,21,5,57.5,U,2011,285,743
E1,P124,21,8,65.7,U,2011,285,743
E1,P124,21,15,87.9,U,2011,285,743
E1,P124,21,22,99.4,U,2011,285,743
E1,P125,21,5,56.9,U,2011,285,743
E1,P125,21,8,65.7,U,2011,285,743
E1,P125,21,15,84.8,U,2011,285,743
E1,P125,21,22,107.3,U,2011,285,743
E1,P125,21,33,136.2,U,2011,285,743
E1,P153,21,3,49.3,U,2011,285,743
E1,P153,21,6,54.6,U,2011,285,743
E1,P153,21,13,64.2,U,2011,285,743
E1,P153,21,20,82.5,U,2011,285,743
E2,P267,37,4,52.1,U,2011,NA,NA
E2,P267,37,8,62.7,U,2011,NA,NA
E2,P271,37,3,49.5,U,2011,NA,NA
E2 ,P271,37,7,58.7,U,2011,NA,NA
E2,P280,37,5,53.1,U,2011,NA,NA
E2,P282,37,2,45.7,U,2011,NA,NA
G4,P264,36,5,53.2,U,2011,243,672
G4,P264,36,9,63.8,U,2011,243,672
L1,P289,45,4,50.6,U,2011,284,666
L1,P291,45,2,49.3,U,2011,284,666
L1,P293,45,1,46.6,U,2011,284,666
L2,P121,22,6,58.6,U,2011,141,468
L2,P121,22,13,74.8,U,2011,141,468
L2,P121,22,18,105.6,U,2011,141,468
L2,P121,22,26,129.4,U,2011,141,468
L2,P121,22,34,150.1,U,2011,141,468
L2,P144,22,4,54.6,U,2011,141,468
L2,P144,22,11,78.8,U,2011,141,468
L2,P144,22,17,102.2,U,2011,141,468
L2,P144,22,25,122.4,U,2011,141,468
L2,P144,22,32,134.9,U,2011,141,468
L2,P160,22,3,52.9,U,2011,141,468
L2,P160,22,10,59.9,U,2011,141,468
L2,P160,22,16,77.8,U,2011,141,468
L2,P160,22,24,96.3,U,2011,141,468
L2,P176,22,2,17.5,U,2011,141,468
L2,P176,22,9,53.2,U,2011,141,468
L2,P176,22,15,65.5,U,2011,141,468
L2,P176,22,23,72.1,U,2011,141,468
O0,P272,38,3,48.8,U,2011,NA,NA
O0,P272,38,11,66.8,U,2011,NA,NA
O0,P283,38,10,66.8,U,2011,NA,NA
O0,P284,38,9,59.8,U,2011,NA,NA
P0,P188,27,4,53.3,U,2011,NA,NA
P0,P188,27,11,79.4,U,2011,NA,NA
P0,P188,27,18,109.7,U,2011,NA,NA
P0,P190,27,4,54.6,U,2011,NA,NA
P0,P190,27,11,79.6,U,2011,NA,NA
P0,P190,27,18,108.3,U,2011,NA,NA
P0,P203,27,2,48.5,U,2011,NA,NA
P0,P203,27,9,70.9,U,2011,NA,NA
P0,P203,27,17,95.6,U,2011,NA,NA
P0,P251,27,6,60.2,U,2011,NA,NA
P0,P251,27,13,81.5,U,2011,NA,NA
P2,P228,32,3,49.9,U,2011,226,550
P2,P228,32,9,72.4,U,2011,226,550
P2,P228,32,17,100.4,U,2011,226,550
P2,P241,32,2,48.1,U,2011,226,550
P2,P241,32,8,74.8,U,2011,226,550
P2,P241,32,16,100.3,U,2011,226,550
P2,P242,32,2,48.7,U,2011,226,550
P2,P242,32,8,71,U,2011,226,550
P2,P242,32,16,97.5,U,2011,226,550
P2,P260,32,7,60.9,U,2011,226,550
P2,P260,32,15,80.5,U,2011,226,550
U2,P157,25,3,51.9,U,2011,395,584
U2,P157,25,6,54.7,U,2011,395,584
U2,P157,25,13,73.1,U,2011,395,584
U2,P157,25,20,99.1,U,2011,395,584
U2,P172,25,2,46.2,U,2011,395,584
U2,P172,25,5,54.4,U,2011,395,584
U2,P172,25,12,75,U,2011,395,584
U2,P172,25,19,101.1,U,2011,395,584
U2,P189,25,4,52.6,U,2011,395,584
U2,P189,25,11,71.8,U,2011,395,584
U2,P189,25,18,102.5,U,2011,395,584
U2,P198,25,3,50.6,U,2011,395,584
U2,P198,25,10,59.4,U,2011,395,584
U2,P198,25,17,74.3,U,2011,395,584
A2,R269,55,9,75.7,U,2012,305,854
A2,R269,61,15,98.2,U,2012,305,854
A2,R270,55,10,74.5,U,2012,305,854
A2,R270,61,16,97.2,U,2012,305,854
A2,R271,55,5,76.3,U,2012,305,854
A2,R271,61,11,90.5,U,2012,305,854
A3,R172,28,1,44.4,Female,2012,297,833
A3,R172,31,4,51,Female,2012,297,833
A3,R172,38,11,78.8,Female,2012,297,833
A3,R172,47,20,110.6,Female,2012,297,833
A3,R172,55,28,133.9,Female,2012,297,833
A3,R172,61,34,176,Female,2012,297,833
A3,R172,65,38,154,Female,2012,297,833
A3,R201,31,4,53.7,U,2012,297,833
A3,R201,38,11,69.8,U,2012,297,833
A3,R201,47,20,98,U,2012,297,833
A3,R201,55,28,128.6,U,2012,297,833
A3,R201,61,34,174,U,2012,297,833
A3,R201,65,38,154,U,2012,297,833
A3,R202,31,1,47.1,U,2012,297,833
A3,R202,38,8,72,U,2012,297,833
A3,R202,47,17,102.8,U,2012,297,833
A3,R202,61,31,170,U,2012,297,833
A3,R202,65,35,150,U,2012,297,833
A3,R244,38,4,61.6,U,2012,297,833
A3,R244,47,20,88.5,U,2012,297,833
A3,R244,61,34,139.5,U,2012,297,833
A3,R244,65,38,145,U,2012,297,833
A8,R94,21,3,52.6,U,2012,251,755
A8,R94,25,7,60.4,U,2012,251,755
A8,R94,28,10,71.5,U,2012,251,755
A8,R94,31,13,81.4,U,2012,251,755
A8,R94,38,20,106,U,2012,251,755
A8,R94,47,29,141.5,U,2012,251,755
A8,R94,55,37,148,U,2012,251,755
A8,R94,61,43,166,U,2012,251,755
A8,R95,21,3,53.2,Female,2012,251,755
A8,R95,25,7,63.7,Female,2012,251,755
A8,R95,28,10,75.7,Female,2012,251,755
A8,R95,31,13,82.5,Female,2012,251,755
A8,R95,38,20,105.8,Female,2012,251,755
A8,R95,47,29,135,Female,2012,251,755
A8,R95,55,37,144,Female,2012,251,755
A8,R95,61,43,160,Female,2012,251,755
A8,R96,21,3,51.5,U,2012,251,755
A8,R96,25,7,61.5,U,2012,251,755
A8,R96,28,10,71.3,U,2012,251,755
A8,R96,31,13,83.6,U,2012,251,755
A8,R96,38,20,108.9,U,2012,251,755
A8,R96,47,29,134.9,U,2012,251,755
A8,R96,55,37,148,U,2012,251,755
A8,R96,61,43,157,U,2012,251,755
A8,R98,21,2,47.5,U,2012,251,755
A8,R98,25,6,54.8,U,2012,251,755
A8,R98,28,9,63,U,2012,251,755
A8,R98,31,12,70.7,U,2012,251,755
A8,R98,38,19,89.9,U,2012,251,755
A8,R98,47,28,121.2,U,2012,251,755
A8,R98,55,36,135,U,2012,251,755
A8,R98,61,42,154,U,2012,251,755
A8,R139,25,4,49.1,U,2012,251,755
A9,R80,18,2,48.9,Male,2012,239,726
A9,R80,21,5,52.7,Male,2012,239,726
A9,R80,25,9,65.8,Male,2012,239,726
A9,R80,28,12,75.1,Male,2012,239,726
A9,R80,31,15,86,Male,2012,239,726
A9,R80,38,22,111.6,Male,2012,239,726
A9,R80,47,31,147.2,Male,2012,239,726
A9,R80,55,39,160,Male,2012,239,726
A9,R80,61,45,172,Male,2012,239,726
A9,R81,18,1,46.3,U,2012,239,726
A9,R81,21,4,53.5,U,2012,239,726
A9,R81,25,8,64.1,U,2012,239,726
A9,R81,28,11,69.5,U,2012,239,726
A9,R81,31,14,76.3,U,2012,239,726
A9,R81,38,21,96.4,U,2012,239,726
A9,R81,47,30,127.5,U,2012,239,726
A9,R81,55,38,140,U,2012,239,726
A9,R81,61,44,155,U,2012,239,726
A9,R99,21,3,53.6,U,2012,239,726
A9,R99,25,7,63.4,U,2012,239,726
A9,R99,28,10,70.6,U,2012,239,726
A9,R99,31,13,79.9,U,2012,239,726
A9,R99,38,20,101.2,U,2012,239,726
A9,R99,47,29,132.9,U,2012,239,726
A9,R99,55,37,148,U,2012,239,726
A9,R99,61,43,164,U,2012,239,726
A9,R100,21,2,47.4,U,2012,239,726
A9,R100,25,6,56.8,U,2012,239,726
A9,R100,28,9,56.3,U,2012,239,726
A9,R100,31,12,70.8,U,2012,239,726
A9,R100,38,19,86.4,U,2012,239,726
A9,R100,47,28,110,U,2012,239,726
A9,R100,55,36,132.6,U,2012,239,726
A9,R100,61,42,140,U,2012,239,726
Ap1,R57,14,3,53.4,U,2012,207,407
Ap1,R57,18,7,62.3,U,2012,207,407
Ap1,R57,21,10,73.5,U,2012,207,407
Ap1,R57,26,15,87.7,U,2012,207,407
Ap1,R57,28,17,92.7,U,2012,207,407
Ap1,R57,35,24,118.2,U,2012,207,407
Ap1,R57,40,29,135.7,U,2012,207,407
Ap1,R57,44,33,150.5,U,2012,207,407
Ap1,R57,47,36,157,U,2012,207,407
Ap1,R57,51,40,160,U,2012,207,407
Ap1,R58,14,3,52.9,U,2012,207,407
Ap1,R58,18,7,59.9,U,2012,207,407
Ap1,R58,21,10,70.1,U,2012,207,407
Ap1,R58,26,15,86.6,U,2012,207,407
Ap1,R58,28,17,94.5,U,2012,207,407
Ap1,R58,35,24,118.6,U,2012,207,407
Ap1,R58,40,29,134.6,U,2012,207,407
Ap1,R58,44,33,147.8,U,2012,207,407
Ap1,R58,51,40,154,U,2012,207,407
Ap1,R59,14,2,54.8,U,2012,207,407
Ap1,R59,18,6,59,U,2012,207,407
Ap1,R59,21,9,71.1,U,2012,207,407
Ap1,R59,26,14,85.7,U,2012,207,407
Ap1,R59,28,16,91.6,U,2012,207,407
Ap1,R59,35,23,113.3,U,2012,207,407
Ap1,R59,40,28,131.2,U,2012,207,407
Ap1,R59,44,32,148.5,U,2012,207,407
Ap1,R59,51,39,152.9,U,2012,207,407
Ap2,R196,28,6,65.1,U,2012,198,397
Ap2,R196,35,13,96.6,U,2012,198,397
Ap2,R196,40,18,118.7,U,2012,198,397
Ap2,R196,44,22,133.3,U,2012,198,397
Ap2,R196,51,29,153,U,2012,198,397
Ap2,R197,28,5,65.9,U,2012,198,397
Ap2,R197,35,12,93,U,2012,198,397
Ap2,R197,40,17,111,U,2012,198,397
Ap2,R197,44,21,124.1,U,2012,198,397
Ap2,R197,51,28,144,U,2012,198,397
B4,R84,21,2,49,U,2012,280,792
B4,R84,25,6,59.2,U,2012,280,792
B4,R84,28,9,67.6,U,2012,280,792
B4,R84,31,12,78,U,2012,280,792
B4,R84,38,19,110.7,U,2012,280,792
B4,R84,47,28,138.7,U,2012,280,792
B4,R84,55,36,155,U,2012,280,792
B4,R84,61,42,169,U,2012,280,792
B4,R137,25,3,50.5,Male,2012,280,792
B4,R137,28,6,52.4,Male,2012,280,792
B4,R137,31,9,69.8,Male,2012,280,792
B4,R137,38,16,94.5,Male,2012,280,792
B4,R137,47,25,125.7,Male,2012,280,792
B4,R137,55,33,144,Male,2012,280,792
B4,R137,31,39,161,Male,2012,280,792
B5,R26,14,3,47,Female,2012,287,790
B5,R26,18,7,57.5,Female,2012,287,790
B5,R26,21,10,67,Female,2012,287,790
B5,R26,25,14,84.2,Female,2012,287,790
B5,R26,28,17,96.4,Female,2012,287,790
B5,R26,31,20,107.8,Female,2012,287,790
B5,R26,38,27,133.8,Female,2012,287,790
B5,R26,47,36,161,Female,2012,287,790
B5,R26,55,44,168,Female,2012,287,790
B5,R27,14,2,48.9,U,2012,287,790
B5,R27,18,6,49.4,U,2012,287,790
B5,R28,14,1,47.3,U,2012,287,790
B5,R28,18,5,54.3,U,2012,287,790
B5,R28,21,8,53.9,U,2012,287,790
B5,R28,25,12,64.5,U,2012,287,790
B5,R28,28,15,73.5,U,2012,287,790
B5,R28,31,18,86.8,U,2012,287,790
B5,R28,38,25,106.6,U,2012,287,790
B5,R28,47,34,132.2,U,2012,287,790
B5,R28,55,42,147,U,2012,287,790
B5,R67,18,2,47.8,U,2012,287,790
B5,R67,21,5,48.9,U,2012,287,790
B5,R67,25,9,53.6,U,2012,287,790
B5,R67,31,15,NA,U,2012,287,790
B5,R68,18,1,45.6,U,2012,287,790
B6,R69,18,3,49.3,Male,2012,285,774
B6,R69,21,6,55.3,Male,2012,285,774
B6,R69,25,10,67.1,Male,2012,285,774
B6,R69,28,13,79.2,Male,2012,285,774
B6,R69,31,16,97.5,Male,2012,285,774
B6,R69,38,23,124,Male,2012,285,774
B6,R69,40,25,130,Male,2012,285,774
B6,R69,47,32,153,Male,2012,285,774
B6,R69,55,40,169,Male,2012,285,774
B6,R69,61,46,182,Male,2012,285,774
B6,R70,18,2,48.1,U,2012,285,774
B6,R85,21,3,48.5,U,2012,285,774
B6,R85,25,7,53.8,U,2012,285,774
B6,R85,28,10,64.3,U,2012,285,774
B6,R85,31,13,72.2,U,2012,285,774
B6,R85,38,20,100.7,U,2012,285,774
B6,R85,47,29,133.1,U,2012,285,774
B6,R85,55,37,151,U,2012,285,774
B6,R85,61,43,169,U,2012,285,774
B7,R71,18,2,47.3,U,2012,280,768
B7,R71,21,5,53,U,2012,280,768
L2,R263,44,9,76,U,2012,141,468
L2,R263,65,30,136,U,2012,141,468
L2,R264,44,8,74.6,U,2012,141,468
L2,R264,65,29,136,U,2012,141,468
L2,R265,44,7,70.2,U,2012,141,468
L2,R265,65,28,127,U,2012,141,468
L2,R266,44,6,59.3,U,2012,141,468
M2,R259,38,5,54.7,U,2012,219,579
M2,R259,74,41,162,U,2012,219,579
M2,R260,38,4,52.8,U,2012,219,579
M2,R260,74,40,156,U,2012,219,579
M2,R261,38,2,51.4,U,2012,219,579
M2,R261,74,38,147,U,2012,219,579
M2,R262,38,1,45.3,U,2012,219,579
P1,R193,28,4,53,U,2012,231,556
P1,R193,35,9,77,U,2012,231,556
P1,R193,38,12,90.4,U,2012,231,556
P1,R193,44,18,111.8,U,2012,231,556
P1,R193,61,35,148,U,2012,231,556
P1,R193,65,39,157,U,2012,231,556
P1,R194,28,3,50.8,U,2012,231,556
P1,R194,35,10,77.6,U,2012,231,556
P1,R194,38,13,91.7,U,2012,231,556
P1,R194,44,19,114.8,U,2012,231,556
P1,R194,61,36,169,U,2012,231,556
P1,R194,65,40,172,U,2012,231,556
P1,R195,28,2,47.3,U,2012,231,556
P1,R195,35,17,62.5,U,2012,231,556
P1,R195,38,20,73,U,2012,231,556
P1,R195,44,26,89.4,U,2012,231,556
P1,R195,61,43,131,U,2012,231,556
P1,R195,65,47,140,U,2012,231,556
P2,R216,35,6,61.3,U,2012,226,550
P2,R216,38,9,73.2,U,2012,226,550
P2,R216,44,15,94.4,U,2012,226,550
P2,R216,61,32,148,U,2012,226,550
P2,R216,65,36,159,U,2012,226,550
P2,R216,74,45,181,U,2012,226,550
P2,R217,35,4,58.6,U,2012,226,550
P2,R217,38,7,67.9,U,2012,226,550
P2,R217,44,13,84.7,U,2012,226,550
P2,R217,61,30,128,U,2012,226,550
P2,R217,65,34,137,U,2012,226,550
P2,R217,74,43,158,U,2012,226,550
P2,R218,35,4,52.4,U,2012,226,550
P2,R218,38,7,60.4,U,2012,226,550
P2,R218,44,13,76.1,U,2012,226,550
P2,R218,61,30,122,U,2012,226,550
P2,R218,65,34,135,U,2012,226,550
P2,R218,74,43,150,U,2012,226,550
P2,R219,35,3,44.2,U,2012,226,550
P2,R219,38,6,50.1,U,2012,226,550
C1,R23,14,3,56.3,Male,2012,313,820
C1,R23,18,7,64.3,Male,2012,313,820
C1,R23,21,10,75.8,Male,2012,313,820
C1,R23,25,14,91.8,Male,2012,313,820
C1,R23,28,17,102.5,Male,2012,313,820
C1,R23,31,20,113.4,Male,2012,313,820
C1,R23,38,27,138.9,Male,2012,313,820
C1,R23,40,29,145.6,Male,2012,313,820
C1,R23,47,36,160,Male,2012,313,820
C1,R23,55,44,170,Male,2012,313,820
C1,R24,14,2,53.4,U,2012,313,820
C1,R24,18,6,62.5,U,2012,313,820
C1,R24,21,9,73.1,U,2012,313,820
C1,R24,25,13,88.9,U,2012,313,820
C1,R24,28,16,99.6,U,2012,313,820
C1,R24,31,19,112.5,U,2012,313,820
C1,R24,38,26,140.2,U,2012,313,820
C1,R24,40,28,146.4,U,2012,313,820
C1,R24,47,35,164,U,2012,313,820
C1,R24,55,43,174,U,2012,313,820
C1,R25,14,1,45.2,U,2012,313,820
C1,R25,18,5,50.3,U,2012,313,820
C1,R25,21,8,58.2,U,2012,313,820
C1,R25,25,12,67.5,U,2012,313,820
C1,R25,28,15,77.5,U,2012,313,820
C1,R25,31,18,88,U,2012,313,820
C1,R25,38,25,114.5,U,2012,313,820
C1,R25,47,34,147.8,U,2012,313,820
C1,R25,55,42,160,U,2012,313,820
C7,R101,21,3,49.3,Male,2012,238,705
C7,R101,25,7,60.8,Male,2012,238,705
C7,R101,28,10,75.8,Male,2012,238,705
C7,R101,31,13,80.8,Male,2012,238,705
C7,R101,38,20,109.6,Male,2012,238,705
C7,R101,47,29,151.6,Male,2012,238,705
C7,R101,55,37,165,Male,2012,238,705
C7,R101,61,43,178,Male,2012,238,705
C7,R102,21,5,47.9,U,2012,238,705
C7,R102,25,9,58.8,U,2012,238,705
C7,R102,28,12,69.2,U,2012,238,705
C7,R102,31,15,84.9,U,2012,238,705
C7,R102,38,22,115.4,U,2012,238,705
C7,R102,47,31,143.3,U,2012,238,705
C7,R102,55,39,165,U,2012,238,705
C7,R102,61,45,170,U,2012,238,705
C7,R103,21,5,48,U,2012,238,705
C7,R103,25,9,58,U,2012,238,705
C7,R103,28,12,74.2,U,2012,238,705
C7,R103,31,15,82.5,U,2012,238,705
C7,R103,38,22,113,U,2012,238,705
C7,R103,47,31,141.8,U,2012,238,705
C7,R103,55,39,153,U,2012,238,705
C7,R103,61,45,155,U,2012,238,705
C7,R140,25,5,53.1,U,2012,238,705
C7,R140,28,8,59.8,U,2012,238,705
C7,R140,31,11,68.1,U,2012,238,705
C7,R140,38,18,90.9,U,2012,238,705
C7,R140,47,27,125.6,U,2012,238,705
C7,R140,55,35,150,U,2012,238,705
C7,R140,61,41,162,U,2012,238,705
C7,R141,25,2,45.6,U,2012,238,705
C7,R141,28,5,52,U,2012,238,705
C7,R141,31,8,54,U,2012,238,705
D3,R249,38,11,78.2,Male,2012,239,697
D3,R249,47,20,115.8,Male,2012,239,697
D3,R249,55,28,143,Male,2012,239,697
D3,R249,61,34,156,Male,2012,239,697
D3,R250,38,10,72.8,U,2012,239,697
D3,R250,47,19,110.6,U,2012,239,697
D3,R250,55,27,142,U,2012,239,697
D3,R250,61,33,150,U,2012,239,697
D3,R251,38,7,65.6,U,2012,239,697
D3,R251,47,16,100.4,U,2012,239,697
D3,R251,55,24,126.9,U,2012,239,697
D3,R251,61,30,140,U,2012,239,697
D3,R252,38,5,53.2,U,2012,239,697
D3,R252,47,14,77.5,U,2012,239,697
E1,R5,11,4,46.8,Male,2012,285,743
E1,R5,14,7,57.9,Male,2012,285,743
E1,R5,18,11,65.2,Male,2012,285,743
E1,R5,21,14,76.3,Male,2012,285,743
E1,R5,25,18,92.8,Male,2012,285,743
E1,R5,28,21,104,Male,2012,285,743
E1,R5,31,24,114.2,Male,2012,285,743
E1,R5,38,31,141.2,Male,2012,285,743
E1,R5,40,33,146.7,Male,2012,285,743
E1,R5,47,40,164.2,Male,2012,285,743
E1,R29,14,5,48.6,U,2012,285,743
E1,R29,18,9,54.2,U,2012,285,743
E1,R29,21,12,60.7,U,2012,285,743
E1,R29,25,16,70.2,U,2012,285,743
E1,R29,28,19,79.1,U,2012,285,743
E1,R29,31,22,89.4,U,2012,285,743
E1,R29,38,29,112.7,U,2012,285,743
E1,R29,47,38,134.2,U,2012,285,743
E6,R38,14,4,50.1,Female,2012,230,676
E6,R38,19,9,60.9,Female,2012,230,676
E6,R38,21,11,68.8,Female,2012,230,676
E6,R38,25,15,78.2,Female,2012,230,676
E6,R38,28,18,89.9,Female,2012,230,676
E6,R38,31,21,97.3,Female,2012,230,676
E6,R38,38,28,119.1,Female,2012,230,676
E6,R38,47,37,143.8,Female,2012,230,676
E6,R39,14,3,49.8,U,2012,230,676
E6,R39,19,8,58.4,U,2012,230,676
E6,R39,21,10,67.2,U,2012,230,676
E6,R39,25,14,77.7,U,2012,230,676
E6,R39,28,17,88.5,U,2012,230,676
E6,R39,31,20,98.4,U,2012,230,676
E6,R39,38,27,123.4,U,2012,230,676
E6,R39,47,36,149.5,U,2012,230,676
E6,R40,14,3,46.5,U,2012,230,676
E6,R40,19,8,54.2,U,2012,230,676
E6,R40,21,10,59.1,U,2012,230,676
E6,R40,25,14,67.2,U,2012,230,676
E6,R40,28,17,77.3,U,2012,230,676
E6,R40,31,20,82.2,U,2012,230,676
E6,R40,38,27,102.2,U,2012,230,676
E6,R40,47,36,129.7,U,2012,230,676
E6,R41,14,2,49.1,U,2012,230,676
F1,R149,25,1,46.3,U,2012,277,724
F1,R149,28,4,53.1,U,2012,277,724
F1,R149,31,7,61.3,U,2012,277,724
F1,R149,38,14,83.8,U,2012,277,724
F1,R149,47,23,112.4,U,2012,277,724
F1,R149,61,37,149,U,2012,277,724
F1,R149,65,41,157,U,2012,277,724
F1,R173,28,3,52.1,U,2012,277,724
F1,R173,31,4,59.6,U,2012,277,724
F1,R173,38,11,84.4,U,2012,277,724
F1,R173,47,20,113.7,U,2012,277,724
F1,R173,61,34,146,U,2012,277,724
F1,R173,65,38,155,U,2012,277,724
F1,R174,28,2,51.1,U,2012,277,724
F1,R174,31,4,59.6,U,2012,277,724
F1,R174,38,11,86.3,U,2012,277,724
F1,R174,47,20,117.4,U,2012,277,724
F1,R174,61,34,154,U,2012,277,724
F1,R174,65,38,165,U,2012,277,724
F1,R175,28,1,47.3,U,2012,277,724
F1,R175,31,4,52,U,2012,277,724
F1,R175,38,11,67.6,U,2012,277,724
F1,R175,47,20,92.4,U,2012,277,724
F1,R175,61,34,132,U,2012,277,724
F1,R175,65,38,140,U,2012,277,724
F1,R204,31,2,46.6,U,2012,277,724
F4,R124,21,3,49.3,U,2012,181,604
F4,R124,26,8,58.8,U,2012,181,604
F4,R124,28,10,65.9,U,2012,181,604
F4,R124,31,13,77.3,U,2012,181,604
F4,R124,38,20,101.5,U,2012,181,604
F4,R124,44,26,122.4,U,2012,181,604
F4,R124,65,47,177,U,2012,181,604
F4,R125,21,3,48,U,2012,181,604
F4,R125,26,8,56.7,U,2012,181,604
F4,R125,28,10,66.5,U,2012,181,604
F4,R125,31,13,77.2,U,2012,181,604
F4,R125,38,20,106,U,2012,181,604
F4,R125,44,26,126.3,U,2012,181,604
F4,R125,65,26,164,U,2012,181,604
F4,R126,21,2,46,U,2012,181,604
F4,R126,26,7,47.9,U,2012,181,604
F4,R126,28,9,50.8,U,2012,181,604
F4,R126,31,12,60.8,U,2012,181,604
F4,R126,38,19,82.1,U,2012,181,604
F4,R126,44,25,104.9,U,2012,181,604
F4,R126,65,46,161,U,2012,181,604
F4,R167,26,3,44.4,U,2012,181,604
F4,R167,28,5,46.8,U,2012,181,604
F4,R167,31,8,47.6,U,2012,181,604
H2,R182,28,3,52,U,2012,265,687
H2,R182,31,6,61,U,2012,265,687
H2,R182,38,13,90.3,U,2012,265,687
H2,R182,47,22,125.9,U,2012,265,687
H2,R182,65,40,174,U,2012,265,687
H2,R183,28,2,51.1,U,2012,265,687
H2,R183,31,5,55.8,U,2012,265,687
H2,R183,38,12,84,U,2012,265,687
H2,R183,47,21,117.4,U,2012,265,687
H2,R183,65,39,161,U,2012,265,687
H3,R142,25,2,48.3,U,2012,251,668
H3,R143,25,2,46.8,U,2012,251,668
H4,R114,21,4,53,Male,2012,230,643
H4,R114,25,8,61.3,Male,2012,230,643
H4,R114,28,11,72.9,Male,2012,230,643
H4,R114,31,14,84.1,Male,2012,230,643
H4,R114,38,21,108.9,Male,2012,230,643
H4,R114,44,27,132.3,Male,2012,230,643
H4,R114,47,30,139.9,Male,2012,230,643
H4,R114,61,44,173,Male,2012,230,643
H4,R115,21,4,52.5,U,2012,230,643
H4,R115,25,8,63.9,U,2012,230,643
H4,R115,28,11,75.5,U,2012,230,643
H4,R115,31,14,84.6,U,2012,230,643
H4,R115,38,21,110.4,U,2012,230,643
H4,R115,44,27,129.5,U,2012,230,643
H4,R115,47,30,137.1,U,2012,230,643
H4,R115,61,44,164,U,2012,230,643
H4,R116,21,3,53.4,U,2012,230,643
H4,R116,25,7,65.9,U,2012,230,643
H4,R116,28,10,76.9,U,2012,230,643
H4,R116,31,13,87.1,U,2012,230,643
H4,R116,38,20,116.2,U,2012,230,643
H4,R116,44,26,135.2,U,2012,230,643
H4,R116,47,29,148.6,U,2012,230,643
H4,R116,61,43,174,U,2012,230,643
H4,R117,21,1,45.3,U,2012,230,643
H4,R117,25,5,57,U,2012,230,643
H4,R117,28,8,63.2,U,2012,230,643
H4,R117,31,11,62.7,U,2012,230,643
H4,R117,38,18,98.4,U,2012,230,643
H4,R117,44,24,116.4,U,2012,230,643
H4,R117,47,27,127.4,U,2012,230,643
H4,R117,61,41,152,U,2012,230,643
H4,R155,25,2,53.2,U,2012,230,643
H4,R155,28,5,60.8,U,2012,230,643
H4,R155,31,8,67.6,U,2012,230,643
I3,R30,44,3,48.4,Male,2012,264,672
I3,R30,21,10,59.7,Male,2012,264,672
I3,R30,25,14,76.3,Male,2012,264,672
I3,R30,28,17,95.2,Male,2012,264,672
I3,R30,31,20,106.9,Male,2012,264,672
I3,R30,38,27,127.2,Male,2012,264,672
I3,R30,40,29,134.5,Male,2012,264,672
I3,R30,47,36,149,Male,2012,264,672
I3,R31,14,3,48,Male,2012,264,672
I3,R31,21,10,63.5,Male,2012,264,672
I3,R31,25,14,77.3,Male,2012,264,672
I3,R31,28,17,93,Male,2012,264,672
I3,R31,31,20,103.6,Male,2012,264,672
I3,R31,38,27,128.1,Male,2012,264,672
I3,R31,40,29,133,Male,2012,264,672
I3,R31,47,36,153.1,Male,2012,264,672
I3,R32,14,2,46.9,U,2012,264,672
I3,R33,14,1,NA,U,2012,264,672
J1,R143,25,4,52.1,U,2012,293,695
J1,R143,28,7,66.3,U,2012,293,695
J1,R143,31,10,75.6,U,2012,293,695
J1,R143,38,17,105.9,U,2012,293,695
J1,R143,55,34,159,U,2012,293,695
J1,R143,61,40,171,U,2012,293,695
J1,R144,25,4,51.3,U,2012,293,695
J1,R144,28,7,74.7,U,2012,293,695
J1,R144,31,10,79.1,U,2012,293,695
J1,R144,38,17,104.7,U,2012,293,695
J1,R144,55,34,163,U,2012,293,695
J1,R144,61,40,173,U,2012,293,695
J1,R145,25,3,50.2,U,2012,293,695
J1,R145,28,6,62.5,U,2012,293,695
J1,R145,31,9,71.9,U,2012,293,695
J1,R145,38,16,88.7,U,2012,293,695
J1,R145,55,33,140.7,U,2012,293,695
J1,R145,61,39,150,U,2012,293,695
J1,R146,25,1,46.9,U,2012,293,695
J1,R146,28,4,53.5,U,2012,293,695
J1,R146,31,7,66.1,U,2012,293,695
J1,R146,38,14,83.4,U,2012,293,695
J1,R187,28,4,50,U,2012,293,695
J1,R187,31,7,54.1,U,2012,293,695
K1,R152,25,1,47.9,Male,2012,277,669
K1,R152,28,4,56.8,Male,2012,277,669
K1,R152,31,7,65.8,Male,2012,277,669
K1,R152,38,14,84.4,Male,2012,277,669
K1,R152,47,23,129.8,Male,2012,277,669
K1,R185,28,3,54.9,U,2012,277,669
K1,R185,31,6,62.4,U,2012,277,669
K1,R185,38,13,89.9,U,2012,277,669
K1,R185,47,22,122.1,U,2012,277,669
K1,R186,28,3,49.8,U,2012,277,669
K1,R186,31,6,54.2,U,2012,277,669
K1,R186,38,13,74.7,U,2012,277,669
K1,R186,47,22,106.4,U,2012,277,669
K2,R61,18,2,49.5,U,2012,231,612
K2,R61,21,5,57.5,U,2012,231,612
K2,R61,25,9,70.2,U,2012,231,612
K2,R61,28,12,80.9,U,2012,231,612
K2,R61,31,15,90.7,U,2012,231,612
K2,R61,38,22,119,U,2012,231,612
K2,R61,44,28,140.7,U,2012,231,612
K2,R61,55,39,160,U,2012,231,612
K2,R62,18,1,48.7,U,2012,231,612
K2,R62,21,4,57.2,U,2012,231,612
K2,R62,25,8,70.8,U,2012,231,612
K2,R62,28,11,77.8,U,2012,231,612
K2,R62,31,14,87.4,U,2012,231,612
K2,R62,38,21,113.5,U,2012,231,612
K2,R62,44,27,135.9,U,2012,231,612
K2,R62,55,38,168,U,2012,231,612
K2,R112,21,3,51.6,U,2012,231,612
K2,R112,25,7,63.6,U,2012,231,612
K2,R112,28,10,71.1,U,2012,231,612
K2,R112,31,13,80.9,U,2012,231,612
K2,R112,38,20,106.8,U,2012,231,612
K2,R112,44,26,130.1,U,2012,231,612
K2,R112,55,37,157,U,2012,231,612
K2,R113,21,2,51.4,U,2012,231,612
K2,R113,25,6,58.7,U,2012,231,612
K2,R113,28,9,66.4,U,2012,231,612
K2,R113,31,12,74.4,U,2012,231,612
K2,R113,38,19,98.2,U,2012,231,612
K2,R113,44,25,119.4,U,2012,231,612
K2,R113,55,36,139.8,U,2012,231,612
K3,R45,14,3,52.1,U,2012,211,589
K3,R45,18,7,56.4,U,2012,211,589
K3,R45,21,10,63.4,U,2012,211,589
K3,R45,26,15,75.6,U,2012,211,589
K3,R45,28,17,83.6,U,2012,211,589
K3,R45,31,20,93.5,U,2012,211,589
K3,R45,38,27,118,U,2012,211,589
K3,R45,44,33,136.6,U,2012,211,589
K3,R45,65,54,172,U,2012,211,589
K3,R46,14,3,53,U,2012,211,589
K3,R46,18,7,58.5,U,2012,211,589
K3,R46,21,10,66.1,U,2012,211,589
K3,R46,26,15,77.4,U,2012,211,589
K3,R46,28,17,86,U,2012,211,589
K3,R46,31,20,94.7,U,2012,211,589
K3,R46,38,27,118.6,U,2012,211,589
K3,R46,44,33,128.2,U,2012,211,589
K3,R46,65,54,166,U,2012,211,589
K3,R47,14,2,48.6,U,2012,211,589
K3,R47,18,6,51.5,U,2012,211,589
K3,R47,21,9,59.6,U,2012,211,589
K3,R47,26,14,69.3,U,2012,211,589
K3,R47,28,16,76.8,U,2012,211,589
K3,R47,31,19,84.3,U,2012,211,589
K3,R47,38,26,109.9,U,2012,211,589
K3,R47,44,32,129.2,U,2012,211,589
K3,R48,14,2,49.8,U,2012,211,589
N2,R49,14,3,48.1,U,2012,247,598
N2,R49,21,10,66.7,U,2012,247,598
N2,R49,25,14,77.7,U,2012,247,598
N2,R49,28,17,89.2,U,2012,247,598
N2,R49,31,20,102.4,U,2012,247,598
N2,R49,38,27,131.7,U,2012,247,598
N2,R49,44,33,153,U,2012,247,598
N2,R49,55,44,170,U,2012,247,598
N2,R50,14,2,47.8,U,2012,247,598
N2,R50,21,9,65.3,U,2012,247,598
N2,R50,25,13,76,U,2012,247,598
N2,R50,28,16,83.2,U,2012,247,598
N2,R50,31,19,95.1,U,2012,247,598
N2,R50,38,26,123.2,U,2012,247,598
N2,R50,44,32,146.3,U,2012,247,598
N2,R50,55,43,189,U,2012,247,598
N2,R51,14,2,47.9,U,2012,247,598
N2,R51,21,9,64.6,U,2012,247,598
N2,R51,25,13,73,U,2012,247,598
N2,R51,28,16,79.7,U,2012,247,598
N2,R51,31,19,86.9,U,2012,247,598
N2,R51,38,26,105.2,U,2012,247,598
N2,R51,44,32,125.4,U,2012,247,598
N2,R51,55,43,163,U,2012,247,598
N2,R52,21,8,60.1,U,2012,247,598
N2,R52,25,12,67.5,U,2012,247,598
N2,R52,28,15,78.5,U,2012,247,598
N2,R52,31,18,83.1,U,2012,247,598
N2,R52,38,25,104,U,2012,247,598
N2,R52,44,31,125.4,U,2012,247,598
N2,R52,55,42,159,U,2012,247,598
N2,R111,21,2,54.1,U,2012,247,598
N2,R111,25,6,58.6,U,2012,247,598
N2,R111,28,9,60.4,U,2012,247,598
N2,R111,31,12,NA,U,2012,247,598
N3,R160,25,2,48.2,U,2012,168,499
N3,R236,35,9,69.4,U,2012,168,499
N3,R236,38,12,83.4,U,2012,168,499
N3,R236,44,18,106.7,U,2012,168,499
N3,R236,51,25,128.1,U,2012,168,499
Q1,R53,14,3,49.5,U,2012,197,506
Q1,R53,18,7,57.2,U,2012,197,506
Q1,R53,21,10,77.4,U,2012,197,506
Q1,R53,26,15,83.2,U,2012,197,506
Q1,R53,28,17,92.7,U,2012,197,506
Q1,R53,35,24,119.4,U,2012,197,506
Q1,R53,38,27,133.6,U,2012,197,506
Q1,R53,44,33,152.9,U,2012,197,506
Q1,R53,51,40,159,U,2012,197,506
Q1,R54,14,3,50.2,U,2012,197,506
Q1,R54,18,7,58,U,2012,197,506
Q1,R54,21,10,69.5,U,2012,197,506
Q1,R54,26,15,85.5,U,2012,197,506
Q1,R54,28,17,89,U,2012,197,506
Q1,R54,35,24,114.4,U,2012,197,506
Q1,R54,38,27,125.5,U,2012,197,506
Q1,R54,44,33,141.3,U,2012,197,506
Q1,R54,51,40,152.8,U,2012,197,506
Q1,R55,14,2,49.9,U,2012,197,506
Q1,R55,18,6,57.2,U,2012,197,506
Q1,R55,21,9,66.2,U,2012,197,506
Q1,R55,26,14,85.9,U,2012,197,506
Q1,R55,28,16,89.5,U,2012,197,506
Q1,R55,35,23,113.7,U,2012,197,506
Q1,R56,14,2,45.4,U,2012,197,506
Q1,R56,18,6,63.8,U,2012,197,506
Q1,R56,26,14,79.2,U,2012,197,506
Q1,R56,28,16,84.7,U,2012,197,506
Q1,R56,35,23,107.2,U,2012,197,506
Q1,R56,38,26,124.2,U,2012,197,506
Q1,R56,44,32,139,U,2012,197,506
Q1,R56,51,39,150,U,2012,197,506
Q1,R60,18,2,48.5,U,2012,197,506
Q1,R60,21,5,54.5,U,2012,197,506
Q1,R60,26,10,66.4,U,2012,197,506
Q1,R60,28,12,65.3,U,2012,197,506
Q1,R127,21,1,48.8,U,2012,197,506
Q2,R131,21,4,57.1,U,2012,197,506
Q2,R131,26,9,70.9,U,2012,197,506
Q2,R131,28,11,75.1,U,2012,197,506
Q2,R131,35,18,106.2,U,2012,197,506
Q2,R131,44,27,141.1,U,2012,197,506
Q2,R131,51,34,151,U,2012,197,506
Q2,R131,65,48,176,U,2012,197,506
Q2,R132,21,3,52,U,2012,197,506
Q2,R132,26,8,65.7,U,2012,197,506
Q2,R132,28,10,67,U,2012,197,506
Q2,R132,35,17,94.2,U,2012,197,506
Q2,R132,44,26,125.4,U,2012,197,506
Q2,R132,51,33,148,U,2012,197,506
Q2,R132,65,47,170,U,2012,197,506
Q2,R133,21,2,49.5,U,2012,197,506
Q2,R133,26,7,64.1,U,2012,197,506
Q2,R133,28,9,71.5,U,2012,197,506
Q2,R133,35,16,91.8,U,2012,197,506
Q2,R133,44,25,125.3,U,2012,197,506
Q2,R133,51,32,145.3,U,2012,197,506
Q2,R133,65,46,169,U,2012,197,506
Q2,R134,21,1,49.7,U,2012,197,506
Q2,R134,26,6,62.4,U,2012,197,506
Q2,R134,28,8,66.1,U,2012,197,506
Q2,R134,35,15,86.3,U,2012,197,506
Q2,R134,44,24,121.9,U,2012,197,506
Q2,R134,51,31,147.1,U,2012,197,506
Q2,R134,65,45,178,U,2012,197,506
Q2,R157,26,3,52.6,U,2012,197,506
R1,R82,18,1,47.4,U,2012,310,632
R1,R82,21,4,53.1,U,2012,310,632
R1,R82,25,8,66.5,U,2012,310,632
R1,R82,28,11,78.2,U,2012,310,632
R1,R82,31,14,85.8,U,2012,310,632
R1,R82,40,23,119,U,2012,310,632
R1,R82,47,30,144.1,U,2012,310,632
R1,R82,61,44,167,U,2012,310,632
S1,R107,21,4,57.2,Female,2012,315,629
S1,R107,25,8,70.4,Female,2012,315,629
S1,R107,28,11,80.2,Female,2012,315,629
S1,R107,31,14,90.7,Female,2012,315,629
S1,R107,40,23,124.3,Female,2012,315,629
S1,R107,47,30,146.1,Female,2012,315,629
S1,R107,61,44,168,Female,2012,315,629
S1,R108,21,3,55.3,Female,2012,315,629
S1,R108,25,7,68.9,Female,2012,315,629
S1,R108,28,10,77.8,Female,2012,315,629
S1,R108,31,13,87.6,Female,2012,315,629
S1,R108,40,22,120.5,Female,2012,315,629
S1,R108,47,29,141.3,Female,2012,315,629
S1,R109,21,3,55.5,U,2012,315,629
S1,R109,25,7,68.9,U,2012,315,629
S1,R109,28,10,78.8,U,2012,315,629
S1,R109,31,13,90,U,2012,315,629
S1,R109,40,22,122.2,U,2012,315,629
S1,R109,47,29,146.4,U,2012,315,629
S1,R109,61,43,169,U,2012,315,629
S1,R110,21,2,49.5,U,2012,315,629
S1,R110,25,6,58.8,U,2012,315,629
S1,R110,28,9,68.5,U,2012,315,629
S1,R110,31,12,74.4,U,2012,315,629
S1,R110,40,21,122.8,U,2012,315,629
S1,R110,47,28,126.3,U,2012,315,629
S1,R110,61,42,152,U,2012,315,629
T2,R42,14,4,73.8,Male,2012,294,591
T2,R42,18,8,82.8,Male,2012,294,591
T2,R42,21,11,93.9,Male,2012,294,591
T2,R42,25,15,109.3,Male,2012,294,591
T2,R42,28,18,134.3,Male,2012,294,591
T2,R42,31,21,135.8,Male,2012,294,591
T2,R42,40,30,164,Male,2012,294,591
T2,R42,47,37,174,Male,2012,294,591
T2,R43,14,3,71.1,Female,2012,294,591
T2,R43,18,7,78.6,Female,2012,294,591
T2,R43,21,10,87,Female,2012,294,591
T2,R43,25,14,97,Female,2012,294,591
T2,R43,28,17,107,Female,2012,294,591
T2,R43,31,20,115.8,Female,2012,294,591
T2,R43,40,29,140.5,Female,2012,294,591
T2,R43,47,36,159,Female,2012,294,591
T2,R44,14,3,67,Female,2012,294,591
T2,R44,18,7,74.3,Female,2012,294,591
T2,R44,21,10,80.3,Female,2012,294,591
T2,R44,25,14,87.9,Female,2012,294,591
T2,R44,28,17,101,Female,2012,294,591
T2,R44,31,20,104.9,Female,2012,294,591
T2,R44,40,29,134.1,Female,2012,294,591
T2,R44,47,36,155,Female,2012,294,591
T3,R241,35,1,45.3,U,2012,178,450
T3,R241,40,6,58,U,2012,178,450
T3,R241,44,10,71.9,U,2012,178,450
T3,R241,21,17,96.9,U,2012,178,450
T3,R246,40,5,54.2,U,2012,178,450
T3,R246,44,9,69,U,2012,178,450
T3,R246,51,16,89.6,U,2012,178,450
T3,R247,40,NA,NA,U,2012,178,450
T3,R248,40,3,48.8,U,2012,178,450
T3,R248,44,7,59.6,U,2012,178,450
T3,R248,51,14,83.5,U,2012,178,450
T4,R135,21,3,50.3,U,2012,174,448
T4,R135,26,8,66.8,U,2012,174,448
T4,R135,28,10,72.9,U,2012,174,448
T4,R135,35,17,100.8,U,2012,174,448
T4,R135,40,22,119.6,U,2012,174,448
T4,R135,44,26,131.8,U,2012,174,448
T4,R135,51,33,149.9,U,2012,174,448
T4,R136,21,1,46.9,U,2012,174,448
T4,R136,26,6,61,U,2012,174,448
T4,R136,28,8,71,U,2012,174,448
T4,R136,35,15,97.2,U,2012,174,448
T4,R136,40,20,114,U,2012,174,448
T4,R136,44,24,131.7,U,2012,174,448
T4,R136,51,31,150.2,U,2012,174,448
Y1,R230,35,1,48.5,U,2012,132,340
Y1,R230,40,6,65.9,U,2012,132,340
Y1,R230,44,10,84,U,2012,132,340
Y1,R230,51,17,113.8,U,2012,132,340
Y1,R230,65,31,157,U,2012,132,340
Y1,R230,74,40,181,U,2012,132,340
Y1,R231,35,1,46.5,U,2012,132,340
Y1,R231,40,6,58.1,U,2012,132,340
Y1,R231,44,10,74,U,2012,132,340
Y1,R231,51,17,100.6,U,2012,132,340
Y1,R231,65,31,140,U,2012,132,340
Y1,R231,74,40,160,U,2012,132,340
Y1,R245,40,4,53.5,U,2012,132,340
Y1,R245,74,8,65.8,U,2012,132,340
Y1,R245,51,15,90.3,U,2012,132,340
C2,R1,11,7,53.2,U,2012,287,767
C2,R1,14,10,61.7,U,2012,287,767
C2,R1,18,14,65.3,U,2012,287,767
C2,R1,21,17,66.8,U,2012,287,767
C2,R2,11,6,51.5,Male,2012,287,767
C2,R2,14,9,59.7,Male,2012,287,767
C2,R2,18,13,66.2,Male,2012,287,767
C2,R2,21,16,67,Male,2012,287,767
C2,R2,25,20,79.5,Male,2012,287,767
C2,R2,28,23,88,Male,2012,287,767
C2,R2,31,26,101.7,Male,2012,287,767
C2,R2,38,33,122.9,Male,2012,287,767
C2,R2,40,35,126.8,Male,2012,287,767
C2,R2,47,42,151.4,Male,2012,287,767
C2,R3,11,4,51.3,Male,2012,287,767
C2,R3,14,7,61.1,Male,2012,287,767
C2,R3,18,11,65.3,Male,2012,287,767
C2,R3,21,14,70.4,Male,2012,287,767
C2,R3,25,18,80.5,Male,2012,287,767
C2,R3,28,21,90.7,Male,2012,287,767
C2,R3,31,24,98.5,Male,2012,287,767
C2,R3,38,31,121.9,Male,2012,287,767
C2,R3,40,33,128,Male,2012,287,767
C2,R3,47,40,147.5,Male,2012,287,767
C2,R4,11,3,47.9,U,2012,287,767
C2,R4,14,6,51.8,U,2012,287,767
C5,R176,28,6,68.1,U,2012,262,735
C5,R176,31,9,79.5,U,2012,262,735
C5,R176,38,16,109.5,U,2012,262,735
C5,R176,47,25,143.3,U,2012,262,735
C5,R176,55,33,151,U,2012,262,735
C5,R176,61,39,175,U,2012,262,735
C5,R177,28,5,67.6,Female,2012,262,735
C5,R177,31,8,80.8,Female,2012,262,735
C5,R177,38,15,107.6,Female,2012,262,735
C5,R177,47,24,138.3,Female,2012,262,735
C5,R177,55,32,148,Female,2012,262,735
C5,R177,61,38,162,Female,2012,262,735
C6,R178,28,4,58.4,U,2012,256,730
C6,R178,31,7,69.3,U,2012,256,730
C6,R178,38,14,94.1,U,2012,256,730
C6,R178,55,31,150,U,2012,256,730
C6,R178,61,37,165,U,2012,256,730
C6,R179,28,4,58.9,Female,2012,256,730
C6,R179,31,7,67.6,Female,2012,256,730
C6,R179,38,14,92.9,Female,2012,256,730
C6,R179,47,23,125.6,Female,2012,256,730
C6,R179,55,31,149,Female,2012,256,730
C6,R179,61,37,153,Female,2012,256,730
C6,R180,28,3,56.7,U,2012,256,730
C6,R180,31,6,63,U,2012,256,730
C6,R180,38,13,83,U,2012,256,730
C6,R180,47,22,115.8,U,2012,256,730
C6,R180,55,30,135,U,2012,256,730
C6,R180,61,36,148,U,2012,256,730
C6,R181,28,2,51.4,U,2012,256,730
C6,R181,31,5,58.3,U,2012,256,730
C6,R181,38,12,76.7,U,2012,256,730
C6,R181,47,21,108.4,U,2012,256,730
C6,R181,55,29,142,U,2012,256,730
C6,R181,61,35,143,U,2012,256,730
C6,R205,31,4,50.7,U,2012,256,730
D1,R86,21,3,48.3,U,2012,288,759
D1,R86,25,7,61.2,U,2012,288,759
D1,R86,28,10,69.6,U,2012,288,759
D1,R86,31,13,77.8,U,2012,288,759
D1,R86,38,20,104.6,U,2012,288,759
D1,R86,47,29,136.9,U,2012,288,759
D1,R86,61,43,168,U,2012,288,759
D1,R87,21,2,46.8,Female,2012,288,759
D1,R87,25,6,56.7,Female,2012,288,759
D1,R87,28,9,66.1,Female,2012,288,759
D1,R87,31,12,77.6,Female,2012,288,759
D1,R87,38,19,101,Female,2012,288,759
D1,R87,47,28,131.3,Female,2012,288,759
D1,R87,61,42,158,Female,2012,288,759
D1,R88,21,1,45.3,U,2012,288,759
D4,R267,47,5,66.8,U,2012,234,691
D4,R267,61,19,117.9,U,2012,234,691
D4,R267,74,32,153,U,2012,234,691
D4,R268,47,2,49.9,U,2012,234,691
D4,R268,61,16,89.9,U,2012,234,691
D4,R268,74,29,128,U,2012,234,691
D5,R63,18,4,55,U,2012,215,664
D5,R63,21,7,63.8,U,2012,215,664
D5,R63,25,11,77.1,U,2012,215,664
D5,R63,28,14,85.4,U,2012,215,664
D5,R63,31,17,95.9,U,2012,215,664
D5,R63,38,24,122.6,U,2012,215,664
D5,R63,44,30,138.4,U,2012,215,664
D5,R63,61,47,168,U,2012,215,664
D5,R64,18,4,53.8,U,2012,215,664
D5,R64,21,7,62.1,U,2012,215,664
D5,R64,25,11,71.2,U,2012,215,664
D5,R64,28,14,81.4,U,2012,215,664
D5,R64,31,17,91.2,U,2012,215,664
D5,R64,38,24,110.8,U,2012,215,664
D5,R64,44,30,129.7,U,2012,215,664
D5,R64,61,47,164,U,2012,215,664
D5,R65,18,3,55.5,U,2012,215,664
D5,R65,21,6,64.2,U,2012,215,664
D5,R66,18,3,48.3,U,2012,215,664
D5,R66,21,6,55.6,U,2012,215,664
D6,R255,38,19,93.9,U,2012,176,616
D6,R255,44,25,115.3,U,2012,176,616
D6,R255,65,46,164,U,2012,176,616
D6,R256,38,18,96.1,U,2012,176,616
D6,R256,44,24,118,U,2012,176,616
D6,R256,65,45,169,U,2012,176,616
D6,R257,38,17,92.3,U,2012,176,616
D6,R257,44,23,110.6,U,2012,176,616
D6,R257,65,44,159,U,2012,176,616
D6,R258,38,16,87.5,U,2012,176,616
D6,R258,48,26,109,U,2012,176,616
D6,R258,65,43,165,U,2012,176,616
E4,R253,38,6,57.6,U,2012,251,700
E4,R253,65,33,146,U,2012,251,700
E4,R253,74,42,160,U,2012,251,700
E4,R254,38,3,47.2,U,2012,251,700
E4,R254,65,30,132,U,2012,251,700
E4,R254,74,39,152,U,2012,251,700
E5,R118,21,3,55,Male,2012,235,682
E5,R118,25,7,65.8,Male,2012,235,682
E5,R118,28,10,76.6,Male,2012,235,682
E5,R118,31,13,86.3,Male,2012,235,682
E5,R118,38,20,115.2,Male,2012,235,682
E5,R118,47,29,145.2,Male,2012,235,682
E5,R118,61,43,187,Male,2012,235,682
E5,R119,21,3,53.9,U,2012,235,682
E5,R119,25,7,64.5,U,2012,235,682
E5,R119,28,10,74.9,U,2012,235,682
E5,R119,31,13,84.6,U,2012,235,682
E5,R119,38,20,113,U,2012,235,682
E5,R119,47,29,146.7,U,2012,235,682
E5,R119,61,43,170,U,2012,235,682
E5,R120,21,3,50.7,U,2012,235,682
E5,R120,25,7,62.6,U,2012,235,682
E5,R120,28,10,77.9,U,2012,235,682
E5,R120,31,13,84.2,U,2012,235,682
E5,R120,38,20,113.8,U,2012,235,682
E5,R120,47,29,144.9,U,2012,235,682
E5,R120,61,43,170,U,2012,235,682
E5,R121,21,2,48.2,U,2012,235,682
E5,R121,25,6,55.8,U,2012,235,682
E8,R122,21,2,48,U,2012,210,651
E8,R122,25,6,61.2,U,2012,210,651
E8,R122,28,9,71.6,U,2012,210,651
E8,R123,21,2,52.4,U,2012,210,651
E8,R123,25,6,60.5,U,2012,210,651
E8,R123,28,9,71.2,U,2012,210,651
E8,R123,31,12,83.2,U,2012,210,651
E8,R123,38,19,117.5,U,2012,210,651
E8,R123,44,25,137.3,U,2012,210,651
E8,R123,61,42,178,U,2012,210,651
E8,R156,25,4,50.8,U,2012,210,651
E8,R188,28,4,49.6,U,2012,210,651
F2,R150,25,3,58.6,Female,2012,262,704
F2,R150,28,6,68,Female,2012,262,704
F2,R150,31,9,83.1,Female,2012,262,704
F2,R150,38,16,109.9,Female,2012,262,704
F2,R150,47,25,142.9,Female,2012,262,704
F2,R150,55,33,158,Female,2012,262,704
F2,R151,25,2,52.4,U,2012,262,704
F2,R151,28,5,63.3,U,2012,262,704
F2,R151,31,8,75.6,U,2012,262,704
F2,R151,38,15,106.9,U,2012,262,704
F2,R151,47,24,143.8,U,2012,262,704
F2,R151,55,32,156,U,2012,262,704
F2,R151,61,38,178,U,2012,262,704
F2,R184,28,3,51.1,U,2012,262,704
F2,R184,31,6,57.2,U,2012,262,704
F2,R184,38,13,78.8,U,2012,262,704
F2,R184,47,22,110.5,U,2012,262,704
F2,R184,55,30,138.2,U,2012,262,704
F2,R184,61,36,149,U,2012,262,704
F3,R15,11,6,60.2,U,2012,217,647
F3,R15,14,9,72.7,U,2012,217,647
F3,R16,11,5,60.6,U,2012,217,647
F3,R16,14,8,71.2,U,2012,217,647
F3,R17,11,4,58,U,2012,217,647
F3,R17,14,7,64.4,U,2012,217,647
F4,R124,21,3,49.3,U,2012,181,604
F4,R124,26,8,58.8,U,2012,181,604
F4,R124,28,10,65.9,U,2012,181,604
F4,R124,31,13,77.3,U,2012,181,604
F4,R124,38,20,101.5,U,2012,181,604
F4,R124,44,26,122.4,U,2012,181,604
F4,R124,65,47,177,U,2012,181,604
F4,R125,21,3,48,U,2012,181,604
F4,R125,26,8,56.7,U,2012,181,604
F4,R125,28,10,66.5,U,2012,181,604
F4,R125,31,13,77.2,U,2012,181,604
F4,R125,38,20,106,U,2012,181,604
F4,R125,44,26,126.3,U,2012,181,604
F4,R125,65,47,164,U,2012,181,604
F4,R126,21,2,46,U,2012,181,604
F4,R126,26,7,47.9,U,2012,181,604
F4,R126,28,9,50.8,U,2012,181,604
F4,R126,31,12,60.8,U,2012,181,604
F4,R126,38,19,82.1,U,2012,181,604
F4,R126,44,25,104.9,U,2012,181,604
F4,R126,65,46,161,U,2012,181,604
F4,R167,26,3,44.4,U,2012,181,604
F4,R167,28,5,46.8,U,2012,181,604
F4,R167,31,8,47.6,U,2012,181,604
H1,R72,18,5,63,Male,2012,300,730
H1,R72,21,8,70.7,Male,2012,300,730
H1,R72,25,12,86.3,Male,2012,300,730
H1,R72,28,15,97.4,Male,2012,300,730
H1,R72,31,18,109.8,Male,2012,300,730
H1,R72,38,25,136.6,Male,2012,300,730
H1,R72,40,27,143.9,Male,2012,300,730
H1,R72,47,34,161,Male,2012,300,730
H1,R73,18,4,61.8,U,2012,300,730
H1,R73,21,7,66.5,U,2012,300,730
H1,R73,25,11,77.4,U,2012,300,730
H1,R73,28,14,86.8,U,2012,300,730
H1,R73,31,17,93.8,U,2012,300,730
H1,R73,38,24,118.1,U,2012,300,730
H1,R73,40,26,124.7,U,2012,300,730
H1,R73,47,33,144.7,U,2012,300,730
H1,R74,18,4,54.7,U,2012,300,730
H1,R74,21,7,60.5,U,2012,300,730
H1,R74,25,11,70.4,U,2012,300,730
H1,R74,28,14,77.3,U,2012,300,730
H1,R74,31,17,86.6,U,2012,300,730
H1,R74,38,24,110.1,U,2012,300,730
H1,R74,47,33,148,U,2012,300,730
H1,R75,18,3,50.2,U,2012,300,730
H1,R75,21,6,55,U,2012,300,730
H1,R75,25,10,66.2,U,2012,300,730
H1,R75,28,13,75.1,U,2012,300,730
H1,R75,31,16,81.9,U,2012,300,730
H1,R75,38,23,109.2,U,2012,300,730
H1,R75,47,32,138.3,U,2012,300,730
H5,R189,28,3,49,U,2012,204,613
H5,R189,31,6,57.4,U,2012,204,613
H5,R189,38,13,88.3,U,2012,204,613
H5,R189,44,19,109.8,U,2012,204,613
H5,R190,28,3,46.4,U,2012,204,613
H5,R190,31,6,55.3,U,2012,204,613
H5,R190,38,13,79.9,U,2012,204,613
H5,R190,44,19,100.4,U,2012,204,613
H5,R191,28,3,48.6,U,2012,204,613
H5,R191,31,6,56.7,U,2012,204,613
H5,R191,38,13,76.7,U,2012,204,613
H5,R191,44,19,95.6,U,2012,204,613
H5,R203,31,2,48.9,U,2012,204,613
H5,R203,38,9,63.9,U,2012,204,613
H5,R203,44,15,85.2,U,2012,204,613
I1,R89,21,2,46.6,Male,2012,300,723
I1,R89,25,6,55.8,Male,2012,300,723
I1,R89,28,9,67.8,Male,2012,300,723
I1,R89,31,12,77.3,Male,2012,300,723
I1,R89,38,19,106.8,Male,2012,300,723
I1,R89,47,28,140.1,Male,2012,300,723
I1,R89,61,42,169,Male,2012,300,723
I1,R90,21,2,45.5,U,2012,300,723
I1,R90,25,6,49.3,U,2012,300,723
I1,R90,28,9,61.5,U,2012,300,723
I1,R90,31,12,58.4,U,2012,300,723
I1,R147,25,4,53.7,U,2012,300,723
I1,R147,28,7,54.1,U,2012,300,723
I1,R147,31,10,71.3,U,2012,300,723
I1,R147,38,17,98.6,U,2012,300,723
I1,R147,47,26,133.9,U,2012,300,723
I1,R147,61,40,168,U,2012,300,723
I1,R148,25,3,49.9,U,2012,300,723
I1,R148,28,6,54.4,U,2012,300,723
I1,R148,31,9,59.5,U,2012,300,723
I2,R10,11,6,64.9,Male,2012,268,678
I2,R10,18,13,76,Male,2012,268,678
I2,R10,21,16,94.2,Male,2012,268,678
I2,R10,25,20,107,Male,2012,268,678
I2,R10,28,23,118.1,Male,2012,268,678
I2,R10,31,26,129.8,Male,2012,268,678
I2,R10,38,33,153.1,Male,2012,268,678
I2,R10,40,35,165,Male,2012,268,678
I2,R10,47,42,175,Male,2012,268,678
I2,R11,11,5,63.7,Male,2012,268,678
I2,R11,18,12,76,U,2012,268,678
I2,R11,21,15,91.7,U,2012,268,678
I2,R11,25,19,105,U,2012,268,678
I2,R11,28,22,117.5,U,2012,268,678
I2,R11,31,25,129.4,U,2012,268,678
I2,R11,38,32,153,U,2012,268,678
I2,R11,40,34,157.5,U,2012,268,678
I2,R11,47,41,182,U,2012,268,678
I2,R12,11,4,63.3,Female,2012,268,678
I2,R12,18,11,71.2,Female,2012,268,678
I2,R12,21,14,86.6,Female,2012,268,678
I2,R12,25,18,97,Female,2012,268,678
I2,R12,28,21,107.5,Female,2012,268,678
I2,R12,31,24,117.8,Female,2012,268,678
I2,R12,38,31,140.4,Female,2012,268,678
I2,R12,40,33,146.3,Female,2012,268,678
I2,R12,47,40,159,Female,2012,268,678
I2,R13,11,3,56.2,U,2012,268,678
I2,R13,18,10,64.3,U,2012,268,678
I2,R14,11,2,49.4,U,2012,268,678
I2,R14,14,5,53.5,U,2012,268,678
I5,R161,26,3,48.5,U,2012,182,573
I5,R161,28,5,58.3,U,2012,182,573
I5,R161,35,12,80.8,U,2012,182,573
I5,R161,38,15,92.6,U,2012,182,573
I5,R161,44,21,111.1,U,2012,182,573
I5,R161,51,28,130.1,U,2012,182,573
I5,R162,26,3,50,U,2012,182,573
I5,R162,28,5,55.3,U,2012,182,573
I6,R163,26,6,63.2,U,2012,172,570
I6,R163,28,8,75.1,U,2012,172,570
I6,R163,35,15,99.1,U,2012,172,570
I6,R163,44,24,134.4,U,2012,172,570
I6,R163,51,31,156,U,2012,172,570
I6,R164,26,5,62,U,2012,172,570
I6,R164,28,7,70.5,U,2012,172,570
I6,R164,35,14,90.8,U,2012,172,570
I6,R164,44,23,121.7,U,2012,172,570
I6,R165,26,4,55.2,U,2012,172,570
I6,R165,28,6,68,U,2012,172,570
I6,R165,35,13,84.7,U,2012,172,570
I6,R165,44,22,118.1,U,2012,172,570
I6,R165,51,29,139.5,U,2012,172,570
I6,R166,26,3,50.3,U,2012,172,570
I6,R166,28,5,58,U,2012,172,570
I6,R192,28,3,50.6,U,2012,172,570
N1,R272,55,11,133.4,U,2012,307,676
N1,R272,61,17,148,U,2012,307,676
N1,R273,55,9,118.1,U,2012,307,676
N1,R273,61,15,138.8,U,2012,307,676
N1,R274,55,7,83.5,U,2012,307,676
N1,R274,61,13,100.3,U,2012,307,676
N4,R128,21,4,54,U,2012,NA,NA
N4,R128,26,9,69.2,U,2012,NA,NA
N4,R128,28,11,75.7,U,2012,NA,NA
N4,R128,35,18,102.2,U,2012,NA,NA
N4,R128,38,21,114.6,U,2012,NA,NA
N4,R128,44,27,132.9,U,2012,NA,NA
N4,R128,51,34,152.7,U,2012,NA,NA
N4,R129,21,3,51.7,U,2012,NA,NA
N4,R129,26,8,65,U,2012,NA,NA
N4,R129,28,10,73.3,U,2012,NA,NA
N4,R129,35,17,96.3,U,2012,NA,NA
N4,R129,38,20,105.9,U,2012,NA,NA
N4,R129,44,26,125.5,U,2012,NA,NA
N4,R129,51,33,140.5,U,2012,NA,NA
N4,R130,21,2,49.4,U,2012,NA,NA
N4,R130,26,7,62.1,U,2012,NA,NA
N4,R130,28,9,71.4,U,2012,NA,NA
N4,R130,35,16,97.5,U,2012,NA,NA
N4,R130,38,19,112.3,U,2012,NA,NA
N4,R130,44,25,131.4,U,2012,NA,NA
N4,R130,51,32,148,U,2012,NA,NA
N4,R158,26,3,55.7,U,2012,NA,NA
N4,R158,28,5,62.8,U,2012,NA,NA
N4,R158,35,12,83.1,U,2012,NA,NA
N4,R158,38,15,93.3,U,2012,NA,NA
N4,R158,44,21,116.7,U,2012,NA,NA
N4,R158,51,28,135.9,U,2012,NA,NA
N4,R159,26,1,NA,U,2012,NA,NA
T1,R104,21,4,53.3,U,2012,332,640
T1,R104,25,8,68.6,U,2012,332,640
T1,R104,28,11,81.5,U,2012,332,640
T1,R104,31,14,93,U,2012,332,640
T1,R104,40,23,131.1,U,2012,332,640
T1,R104,47,30,145.9,U,2012,332,640
T1,R104,61,44,171,U,2012,332,640
T1,R105,21,3,50.2,U,2012,332,640
T1,R105,25,7,60.7,U,2012,332,640
T1,R105,28,10,78.3,U,2012,332,640
T1,R105,31,13,87.3,U,2012,332,640
T1,R105,40,22,120,U,2012,332,640
T1,R105,47,29,138.2,U,2012,332,640
T1,R105,61,43,165,U,2012,332,640
T1,R106,21,3,50.1,U,2012,332,640
T1,R106,25,7,62.5,U,2012,332,640
T1,R106,28,10,76.7,U,2012,332,640
T1,R106,40,22,120.6,U,2012,332,640
T1,R106,47,29,146.5,U,2012,332,640
T1,R106,61,43,176,U,2012,332,640
T1,R153,25,4,53.3,U,2012,332,640
T1,R153,28,7,59.5,U,2012,332,640
T1,R153,31,10,64.6,U,2012,332,640
T1,R153,40,19,83.9,U,2012,332,640
T1,R153,61,40,140.5,U,2012,332,640
T1,R154,25,4,49.5,U,2012,332,640
T1,R154,28,7,55.5,U,2012,332,640
T1,R154,31,10,55.8,U,2012,332,640
Up3,R220,35,6,68.7,U,2012,226,497
Up3,R220,38,9,79.4,U,2012,226,497
Up3,R220,65,36,152,U,2012,226,497
Up3,R220,74,45,172,U,2012,226,497
Up3,R221,35,6,65.2,U,2012,226,497
Up3,R221,38,9,81.2,U,2012,226,497
Up3,R221,65,36,165,U,2012,226,497
Up3,R221,74,45,184,U,2012,226,497
Up3,R222,35,4,65.9,U,2012,226,497
Up3,R222,38,7,77.6,U,2012,226,497
Up3,R222,65,34,154,U,2012,226,497
Up3,R222,74,43,173,U,2012,226,497
U4,R223,35,9,78.8,U,2012,201,466
U4,R223,40,14,100.2,U,2012,201,466
U4,R223,44,18,115.7,U,2012,201,466
U4,R223,51,25,138.7,U,2012,201,466
U4,R223,65,39,170,U,2012,201,466
U4,R224,35,8,75.2,U,2012,201,466
U4,R224,40,13,94.8,U,2012,201,466
U4,R224,44,17,111.3,U,2012,201,466
U4,R224,51,24,138.1,U,2012,201,466
U4,R224,65,38,173,U,2012,201,466
U4,R225,35,7,76.6,U,2012,201,466
U4,R225,40,12,97.6,U,2012,201,466
U4,R225,44,16,114.5,U,2012,201,466
U4,R225,51,23,135.1,U,2012,201,466
U4,R225,65,37,168,U,2012,201,466
U4,R226,35,6,60.3,U,2012,201,466
U4,R226,40,11,78.8,U,2012,201,466
U4,R226,44,15,91.1,U,2012,201,466
U4,R226,51,22,117.1,U,2012,201,466
U4,R226,65,36,155,U,2012,201,466
Ep1,R227,35,5,61.4,U,2012,154,302
Ep1,R227,40,10,83.8,U,2012,154,302
Ep1,R227,44,14,97.6,U,2012,154,302
Ep1,R227,51,21,122.7,U,2012,154,302
Ep1,R227,65,35,153,U,2012,154,302
Ep1,R228,35,4,56.4,U,2012,154,302
Ep1,R228,40,9,75.6,U,2012,154,302
Ep1,R228,44,13,93.2,U,2012,154,302
Ep1,R228,51,20,118.9,U,2012,154,302
Ep1,R228,65,34,151,U,2012,154,302
Wp1,R168,26,2,50.6,U,2012,NA,NA
Wp1,R168,28,4,54.1,U,2012,NA,NA
Wp1,R168,35,11,77.5,U,2012,NA,NA
Wp1,R168,40,16,96.1,U,2012,NA,NA
Wp1,R168,44,20,113.8,U,2012,NA,NA
Wp1,R168,51,27,139.7,U,2012,NA,NA
Wp1,R168,65,41,170,U,2012,NA,NA
Wp1,R169,26,2,49.6,U,2012,NA,NA
Wp1,R169,28,4,54.5,U,2012,NA,NA
Wp1,R169,35,11,79.3,U,2012,NA,NA
Wp1,R169,40,16,99.5,U,2012,NA,NA
Wp1,R169,44,20,115.7,U,2012,NA,NA
Wp1,R169,51,27,136.2,U,2012,NA,NA
Wp1,R169,65,41,169,U,2012,NA,NA
Wp1,R206,35,4,53.4,U,2012,NA,NA
Wp1,R206,40,9,60.6,U,2012,NA,NA
Wp1,R206,44,13,65,U,2012,NA,NA
Wp1,R207,35,2,48.3,U,2012,NA,NA
W2,R170,26,3,52.1,U,2012,120,344
W2,R170,28,5,59.1,U,2012,120,344
W2,R170,35,12,83.7,U,2012,120,344
W2,R170,40,17,102.2,U,2012,120,344
W2,R170,44,21,118.7,U,2012,120,344
W2,R170,51,28,140.9,U,2012,120,344
W2,R170,65,42,159,U,2012,120,344
W2,R171,26,2,47.4,U,2012,120,344
W2,R171,28,4,51.9,U,2012,120,344
W2,R171,35,11,71.6,U,2012,120,344
W2,R171,40,16,88.2,U,2012,120,344
W2,R171,44,20,103.9,U,2012,120,344
W2,R171,51,27,129.8,U,2012,120,344
W2,R171,65,41,161,U,2012,120,344
W2,R199,28,3,51.8,U,2012,120,344
W2,R199,35,10,67.6,U,2012,120,344
W2,R199,40,15,85.7,U,2012,120,344
W2,R199,44,19,101.9,U,2012,120,344
W2,R199,51,26,128.3,U,2012,120,344
W2,R199,65,40,164,U,2012,120,344
W2,R200,28,2,48.2,U,2012,120,344
W2,R200,35,9,68,U,2012,120,344
W2,R200,40,14,82.7,U,2012,120,344
W2,R200,44,18,96.2,U,2012,120,344
W2,R200,51,25,118.7,U,2012,120,344
W2,R200,65,39,148,U,2012,120,344
W1,R212,35,9,60.6,U,2012,193,436
W1,R212,44,18,97.5,U,2012,193,436
W1,R212,65,39,164,U,2012,193,436
W1,R212,74,48,184,U,2012,193,436
W1,R213,35,9,61.7,U,2012,193,436
W1,R213,44,18,93.9,U,2012,193,436
W1,R213,65,39,162,U,2012,193,436
W1,R213,74,48,182,U,2012,193,436
W1,R214,35,6,58.4,U,2012,193,436
W1,R214,44,15,87.7,U,2012,193,436
W1,R214,65,36,150,U,2012,193,436
W1,R214,74,45,170,U,2012,193,436
W1,R215,35,3,48.1,U,2012,193,436
Bp1,R232,35,6,66.3,U,2012,NA,NA
Bp1,R232,40,11,84.5,U,2012,NA,NA
Bp1,R232,44,15,93.4,U,2012,NA,NA
Bp1,R233,35,5,66.6,U,2012,NA,NA
Bp1,R233,40,10,83.3,U,2012,NA,NA
Bp1,R233,44,14,96.7,U,2012,NA,NA
Bp1,R233,51,21,121.8,U,2012,NA,NA
Bp1,R233,65,35,151,U,2012,NA,NA
Bp1,R233,74,44,170,U,2012,NA,NA
Bp1,R234,35,4,64.1,U,2012,NA,NA
Bp1,R234,40,9,81.9,U,2012,NA,NA
Bp1,R234,44,13,95.6,U,2012,NA,NA
Bp1,R234,51,20,119.1,U,2012,NA,NA
Bp1,R234,65,34,149,U,2012,NA,NA
Bp1,R234,74,43,169,U,2012,NA,NA
Bp1,R235,35,3,53.1,U,2012,NA,NA
Bp1,R235,40,8,65.8,U,2012,NA,NA
X2,R208,35,8,81.9,U,2012,181,411
X2,R208,40,13,101.7,U,2012,181,411
X2,R208,51,24,142.2,U,2012,181,411
X2,R208,65,38,172,U,2012,181,411
X2,R209,35,8,78.9,U,2012,181,411
X2,R209,40,13,98.6,U,2012,181,411
X2,R209,51,24,132.1,U,2012,181,411
X2,R209,65,38,168,U,2012,181,411
X2,R210,35,6,60.1,U,2012,181,411
X2,R210,40,11,73.4,U,2012,181,411
X2,R210,51,22,107.3,U,2012,181,411
X2,R210,65,36,144,U,2012,181,411
X2,R211,35,4,50.5,U,2012,181,411
X2,R211,40,9,56.8,U,2012,181,411
P4,R237,35,12,92,U,2012,177,490
P4,R237,44,21,123.6,U,2012,177,490
P4,R237,51,28,143.9,U,2012,177,490
P4,R237,74,51,185,U,2012,177,490
P4,R238,35,9,83.2,U,2012,177,490
P4,R238,44,18,108.4,U,2012,177,490
P4,R238,51,25,118.6,U,2012,177,490
P4,R239,35,8,97.5,U,2012,177,490
P4,R239,44,17,104.3,U,2012,177,490
P4,R239,51,24,122.6,U,2012,177,490
P4,R239,74,47,172,U,2012,177,490
P4,R240,35,6,83.1,U,2012,177,490
P4,R240,44,15,93.7,U,2012,177,490
P4,R240,51,22,103.8,U,2012,177,490
I4,R19,11,4,50.9,U,2012,206,606
I4,R19,18,11,64.8,U,2012,206,606
I4,R19,21,14,78.5,U,2012,206,606
I4,R19,26,19,91,U,2012,206,606
I4,R19,28,21,100.6,U,2012,206,606
I4,R19,31,24,110,U,2012,206,606
I4,R19,38,31,135.7,U,2012,206,606
I4,R19,44,37,153,U,2012,206,606
I4,R19,51,44,171,U,2012,206,606
I4,R20,11,3,49.6,U,2012,206,606
I4,R20,18,10,66.1,U,2012,206,606
I4,R20,21,13,79,U,2012,206,606
I4,R20,26,18,89.7,U,2012,206,606
I4,R20,28,20,97.5,U,2012,206,606
I4,R20,31,23,103.5,U,2012,206,606
I4,R20,38,30,131.9,U,2012,206,606
I4,R20,44,36,149.1,U,2012,206,606
I4,R20,51,43,162,U,2012,206,606
I4,R21,11,3,49.2,U,2012,206,606
I4,R21,18,10,60.6,U,2012,206,606
I4,R21,21,13,72.3,U,2012,206,606
I4,R21,26,18,81.3,U,2012,206,606
I4,R21,28,20,85.1,U,2012,206,606
I4,R21,31,23,97.7,U,2012,206,606
I4,R21,38,30,120.2,U,2012,206,606
I4,R21,44,36,140.1,U,2012,206,606
I4,R21,51,43,154,U,2012,206,606
I4,R22,11,2,47.7,U,2012,206,606
I4,R22,18,9,58.2,U,2012,206,606
I4,R22,21,12,64.2,U,2012,206,606
I4,R22,26,17,74.1,U,2012,206,606
I4,R22,28,19,78.2,U,2012,206,606
I4,R22,31,22,83.7,U,2012,206,606
I4,R22,38,29,101.4,U,2012,206,606
I4,R22,44,35,112.3,U,2012,206,606
I4,R22,51,42,126.2,U,2012,206,606
I4,R83,21,2,50.8,U,2012,206,606
G1,R6,11,6,45.9,Female,2012,302,745
G1,R6,14,9,57.7,Female,2012,302,745
G1,R6,18,13,63.5,Female,2012,302,745
G1,R6,21,16,73,Female,2012,302,745
G1,R6,25,20,83.2,Female,2012,302,745
G1,R6,28,23,93.1,Female,2012,302,745
G1,R6,38,33,126.4,Female,2012,302,745
G1,R6,40,35,133.4,Female,2012,302,745
G1,R6,47,42,156.2,Female,2012,302,745
G1,R7,11,5,47.6,U,2012,302,745
G1,R7,14,8,58.8,U,2012,302,745
G1,R7,18,12,65.1,U,2012,302,745
G1,R7,21,15,67.8,U,2012,302,745
G1,R7,25,19,77.7,U,2012,302,745
G1,R7,28,22,87.1,U,2012,302,745
G1,R7,38,32,115.3,U,2012,302,745
G1,R7,47,41,138.3,U,2012,302,745
G1,R8,11,4,47.3,Male,2012,302,745
G1,R8,14,7,56.2,Male,2012,302,745
G1,R8,18,11,61.5,Male,2012,302,745
G1,R8,21,14,70.6,Male,2012,302,745
G1,R8,25,18,77.2,Male,2012,302,745
G1,R8,28,21,87.3,Male,2012,302,745
G1,R8,38,31,124.7,Male,2012,302,745
G1,R8,40,33,125.2,Male,2012,302,745
G1,R8,47,40,153,Male,2012,302,745
G1,R9,11,3,44.8,U,2012,302,745
G1,R9,14,6,54,U,2012,302,745
G1,R9,18,10,58.6,U,2012,302,745
G1,R9,21,13,61.9,U,2012,302,745
G1,R9,25,17,68.1,U,2012,302,745
G1,R9,28,20,73.4,U,2012,302,745
G1,R9,38,30,96.9,U,2012,302,745
G1,R9,47,39,126.3,U,2012,302,745
G2,R91,21,2,51.6,Male,2012,293,733
G2,R91,25,6,62.7,Male,2012,293,733
G2,R91,28,9,73.3,Male,2012,293,733
G2,R91,31,12,84.8,Male,2012,293,733
G2,R91,38,19,114.6,Male,2012,293,733
G2,R91,47,28,150.2,Male,2012,293,733
G2,R91,61,42,179,Male,2012,293,733
G2,R92,21,1,47,U,2012,293,733
G2,R92,25,5,51.6,U,2012,293,733
G2,R92,28,8,61,U,2012,293,733
G2,R92,31,11,69.8,U,2012,293,733
G2,R92,38,18,94.7,U,2012,293,733
G2,R92,47,27,126.3,U,2012,293,733
G2,R138,25,3,49.3,U,2012,293,733
G2,R138,28,6,54.7,U,2012,293,733
G2,R138,31,9,61.4,U,2012,293,733
G2,R138,38,16,80.4,U,2012,293,733
G2,R138,17,25,109.1,U,2012,293,733
G2,R138,31,39,139,U,2012,293,733
G3,R76,18,4,53.4,U,2012,264,696
G3,R76,21,7,60.1,U,2012,264,696
G3,R76,25,11,76.3,U,2012,264,696
G3,R76,28,14,79.1,U,2012,264,696
G3,R76,31,17,88.6,U,2012,264,696
G3,R76,38,24,112.9,U,2012,264,696
G3,R76,47,33,142.7,U,2012,264,696
G3,R76,55,41,151,U,2012,264,696
G3,R76,61,47,162,U,2012,264,696
G3,R77,18,3,52.5,U,2012,264,696
G3,R77,21,6,58.3,U,2012,264,696
G3,R77,25,10,77.3,U,2012,264,696
G3,R77,28,13,78.4,U,2012,264,696
G3,R77,31,16,87.3,U,2012,264,696
G3,R77,38,23,106.8,U,2012,264,696
G3,R77,47,32,136.9,U,2012,264,696
G3,R77,55,40,149,U,2012,264,696
G3,R77,61,46,164,U,2012,264,696
G3,R78,18,3,50.7,U,2012,264,696
G3,R78,21,6,57.2,U,2012,264,696
G3,R78,28,13,79.6,U,2012,264,696
G3,R78,31,16,88.8,U,2012,264,696
G3,R78,38,23,117.2,U,2012,264,696
G3,R78,47,32,136,U,2012,264,696
G3,R78,55,40,157,U,2012,264,696
G3,R78,61,46,169,U,2012,264,696
G3,R79,18,2,48.7,Male,2012,264,696
G3,R79,21,5,52.2,Male,2012,264,696
G3,R79,28,12,66.3,Male,2012,264,696
G3,R79,31,15,74.4,Male,2012,264,696
G3,R79,38,22,93.3,Male,2012,264,696
G3,R79,47,31,121.5,Male,2012,264,696
G3,R79,55,39,137.9,Male,2012,264,696
G3,R79,61,45,152,Male,2012,264,696
G3,R93,21,2,48.4,U,2012,264,696
G3,R93,28,9,63.9,U,2012,264,696
G3,R93,31,12,72.7,U,2012,264,696
G3,R93,38,19,89,U,2012,264,696
G3,R93,47,28,115.9,U,2012,264,696
G3,R93,55,36,141.6,U,2012,264,696
G3,R93,61,42,156,U,2012,264,696